Using pre-set license
Built from '2023.2/staging' branch; Version is '2023.2.20f1 (0e25a174756c) revision 927137'; Using compiler version '193431935'; Build Type 'Release'
OS: 'Windows 11  (10.0.26100) 64bit Core' Language: 'es' Physical Memory: 16232 MB
BatchMode: 1, IsHumanControllingUs: 0, StartBugReporterOnCrash: 0, Is64bit: 1, IsPro: 1

COMMAND LINE ARGUMENTS:
C:\Program Files\Unity\Hub\Editor\2023.2.20f1\Editor\Unity.exe
-adb2
-batchMode
-noUpm
-name
AssetImportWorker10
-projectPath
D:/Proyectos Unity/Lost in the Toyland/Lost-in-Toyland/Lost in Toyland
-logFile
Logs/AssetImportWorker10.log
-srvPort
65260
-job-worker-count
5
-background-job-worker-count
8
-asset-garbage-collectors
1
Successfully changed project path to: D:/Proyectos Unity/Lost in the Toyland/Lost-in-Toyland/Lost in Toyland
D:/Proyectos Unity/Lost in the Toyland/Lost-in-Toyland/Lost in Toyland
[UnityMemory] Configuration Parameters - Can be set up in boot.config
    "memorysetup-bucket-allocator-granularity=16"
    "memorysetup-bucket-allocator-bucket-count=8"
    "memorysetup-bucket-allocator-block-size=33554432"
    "memorysetup-bucket-allocator-block-count=8"
    "memorysetup-main-allocator-block-size=16777216"
    "memorysetup-thread-allocator-block-size=16777216"
    "memorysetup-gfx-main-allocator-block-size=16777216"
    "memorysetup-gfx-thread-allocator-block-size=16777216"
    "memorysetup-cache-allocator-block-size=4194304"
    "memorysetup-typetree-allocator-block-size=2097152"
    "memorysetup-profiler-bucket-allocator-granularity=16"
    "memorysetup-profiler-bucket-allocator-bucket-count=8"
    "memorysetup-profiler-bucket-allocator-block-size=33554432"
    "memorysetup-profiler-bucket-allocator-block-count=8"
    "memorysetup-profiler-allocator-block-size=16777216"
    "memorysetup-profiler-editor-allocator-block-size=1048576"
    "memorysetup-temp-allocator-size-main=16777216"
    "memorysetup-job-temp-allocator-block-size=2097152"
    "memorysetup-job-temp-allocator-block-size-background=1048576"
    "memorysetup-job-temp-allocator-reduction-small-platforms=262144"
    "memorysetup-allocator-temp-initial-block-size-main=262144"
    "memorysetup-allocator-temp-initial-block-size-worker=262144"
    "memorysetup-temp-allocator-size-background-worker=32768"
    "memorysetup-temp-allocator-size-job-worker=262144"
    "memorysetup-temp-allocator-size-preload-manager=33554432"
    "memorysetup-temp-allocator-size-nav-mesh-worker=65536"
    "memorysetup-temp-allocator-size-audio-worker=65536"
    "memorysetup-temp-allocator-size-cloud-worker=32768"
    "memorysetup-temp-allocator-size-gi-baking-worker=262144"
    "memorysetup-temp-allocator-size-gi-baking-worker=262144"
    "memorysetup-temp-allocator-size-gi-baking-worker=262144"
    "memorysetup-temp-allocator-size-gi-baking-worker=262144"
    "memorysetup-temp-allocator-size-gfx=262144"
Player connection [8552] Host "[IP] 192.168.1.128 [Port] 0 [Flags] 2 [Guid] 3827753430 [EditorId] 3827753430 [Version] 1048832 [Id] WindowsEditor(7,ALEXANDRA) [Debug] 1 [PackageName] WindowsEditor [ProjectName] Editor" joined multi-casting on [225.0.0.222:54997]...
Player connection [8552] Host "[IP] 192.168.1.128 [Port] 0 [Flags] 2 [Guid] 3827753430 [EditorId] 3827753430 [Version] 1048832 [Id] WindowsEditor(7,ALEXANDRA) [Debug] 1 [PackageName] WindowsEditor [ProjectName] Editor" joined alternative multi-casting on [225.0.0.222:34997]...
JobSystem: Creating JobQueue using job-worker-count value 5
[Physics::Module] Initialized MultithreadedJobDispatcher with 5 workers.
Library Redirect Path: Library/
Refreshing native plugins compatible for Editor in 3.50 ms, found 4 plugins.
Preloading 0 native plugins for Editor in 0.00 ms.
Initialize engine version: 2023.2.20f1 (0e25a174756c)
[Subsystems] Discovering subsystems at path C:/Program Files/Unity/Hub/Editor/2023.2.20f1/Editor/Data/Resources/UnitySubsystems
[Subsystems] Discovering subsystems at path D:/Proyectos Unity/Lost in the Toyland/Lost-in-Toyland/Lost in Toyland/Assets
GfxDevice: creating device client; kGfxThreadingModeNonThreaded
Direct3D:
    Version:  Direct3D 11.0 [level 11.1]
    Renderer: NVIDIA GeForce GTX 1660 Ti (ID=0x2182)
    Vendor:   NVIDIA
    VRAM:     5966 MB
    Driver:   32.0.15.7260
Invalid texture used for cursor - check importer settings or texture creation. Texture must be RGBA32, readable, have alphaIsTransparency enabled and have no mip chain.
Failed to set the cursor because the specified texture ('crosshair021') was not CPU accessible.
Initialize mono
Mono path[0] = 'C:/Program Files/Unity/Hub/Editor/2023.2.20f1/Editor/Data/Managed'
Mono path[1] = 'C:/Program Files/Unity/Hub/Editor/2023.2.20f1/Editor/Data/MonoBleedingEdge/lib/mono/unityjit-win32'
Mono config path = 'C:/Program Files/Unity/Hub/Editor/2023.2.20f1/Editor/Data/MonoBleedingEdge/etc'
Using monoOptions --debugger-agent=transport=dt_socket,embedding=1,server=y,suspend=n,address=127.0.0.1:56908
Begin MonoManager ReloadAssembly
Registering precompiled unity dll's ...
Register platform support module: C:/Program Files/Unity/Hub/Editor/2023.2.20f1/Editor/Data/PlaybackEngines/WindowsStandaloneSupport/UnityEditor.WindowsStandalone.Extensions.dll
Registered in 0.003586 seconds.
- Loaded All Assemblies, in  0.484 seconds
Native extension for WindowsStandalone target not found
Mono: successfully reloaded assembly
- Finished resetting the current domain, in  0.405 seconds
Domain Reload Profiling: 885ms
	BeginReloadAssembly (157ms)
		ExecutionOrderSort (0ms)
		DisableScriptedObjects (0ms)
		BackupInstance (0ms)
		ReleaseScriptingObjects (0ms)
		CreateAndSetChildDomain (1ms)
	RebuildCommonClasses (46ms)
	RebuildNativeTypeToScriptingClass (15ms)
	initialDomainReloadingComplete (59ms)
	LoadAllAssembliesAndSetupDomain (202ms)
		LoadAssemblies (153ms)
		RebuildTransferFunctionScriptingTraits (0ms)
		AnalyzeDomain (199ms)
			TypeCache.Refresh (197ms)
				TypeCache.ScanAssembly (180ms)
			BuildScriptInfoCaches (0ms)
			ResolveRequiredComponents (1ms)
	FinalizeReload (406ms)
		ReleaseScriptCaches (0ms)
		RebuildScriptCaches (0ms)
		SetupLoadedEditorAssemblies (323ms)
			LogAssemblyErrors (0ms)
			InitializePlatformSupportModulesInManaged (11ms)
			SetLoadedEditorAssemblies (6ms)
			BeforeProcessingInitializeOnLoad (7ms)
			ProcessInitializeOnLoadAttributes (243ms)
			ProcessInitializeOnLoadMethodAttributes (55ms)
			AfterProcessingInitializeOnLoad (0ms)
			EditorAssembliesLoaded (0ms)
		ExecutionOrderSort2 (0ms)
		AwakeInstancesAfterBackupRestoration (0ms)
Assembly reference Packages/com.unity.entities/Unity.Scenes.Editor/Internals/Properties/Unity.Properties.Internals.asmref has no target assembly definition
========================================================================
Worker process is ready to serve import requests
Import Worker Mode flag is 0x00
Assembly reference Packages/com.unity.entities/Unity.Scenes.Editor/Internals/Properties/Unity.Properties.Internals.asmref has no target assembly definition
Assembly reference Packages/com.unity.entities/Unity.Scenes.Editor/Internals/Properties/Unity.Properties.Internals.asmref has no target assembly definition
Begin MonoManager ReloadAssembly
- Loaded All Assemblies, in  1.342 seconds
Assembly reference Packages/com.unity.entities/Unity.Scenes.Editor/Internals/Properties/Unity.Properties.Internals.asmref has no target assembly definition
Refreshing native plugins compatible for Editor in 1.97 ms, found 4 plugins.
Native extension for WindowsStandalone target not found
Assembly reference Packages/com.unity.entities/Unity.Scenes.Editor/Internals/Properties/Unity.Properties.Internals.asmref has no target assembly definition
Package Manager log level set to [2]
[Package Manager] Failed to launch server process. Reason: Unity was launched with the -noUpm command-line argument
[Package Manager] Unable to send message (not connected to server process).
[Package Manager] Cannot connect to Unity Package Manager local server
Refreshing native plugins compatible for Editor in 2.19 ms, found 4 plugins.
TypeManager.Initialize took: 400ms
Mono: successfully reloaded assembly
- Finished resetting the current domain, in  1.724 seconds
Domain Reload Profiling: 3061ms
	BeginReloadAssembly (498ms)
		ExecutionOrderSort (0ms)
		DisableScriptedObjects (8ms)
		BackupInstance (0ms)
		ReleaseScriptingObjects (0ms)
		CreateAndSetChildDomain (39ms)
	RebuildCommonClasses (45ms)
	RebuildNativeTypeToScriptingClass (15ms)
	initialDomainReloadingComplete (56ms)
	LoadAllAssembliesAndSetupDomain (723ms)
		LoadAssemblies (501ms)
		RebuildTransferFunctionScriptingTraits (0ms)
		AnalyzeDomain (349ms)
			TypeCache.Refresh (274ms)
				TypeCache.ScanAssembly (253ms)
			BuildScriptInfoCaches (56ms)
			ResolveRequiredComponents (15ms)
	FinalizeReload (1725ms)
		ReleaseScriptCaches (0ms)
		RebuildScriptCaches (0ms)
		SetupLoadedEditorAssemblies (1394ms)
			LogAssemblyErrors (0ms)
			InitializePlatformSupportModulesInManaged (3ms)
			SetLoadedEditorAssemblies (8ms)
			BeforeProcessingInitializeOnLoad (95ms)
			ProcessInitializeOnLoadAttributes (1122ms)
			ProcessInitializeOnLoadMethodAttributes (159ms)
			AfterProcessingInitializeOnLoad (7ms)
			EditorAssembliesLoaded (0ms)
		ExecutionOrderSort2 (0ms)
		AwakeInstancesAfterBackupRestoration (11ms)
Launched and connected shader compiler UnityShaderCompiler.exe after 0.01 seconds
Refreshing native plugins compatible for Editor in 2.99 ms, found 4 plugins.
Preloading 0 native plugins for Editor in 0.00 ms.
Unloading 190 Unused Serialized files (Serialized files now loaded: 0)
Unloading 7689 unused Assets / (6.5 MB). Loaded Objects now: 8385.
Memory consumption went from 195.6 MB to 189.1 MB.
Total: 20.124600 ms (FindLiveObjects: 1.323600 ms CreateObjectMapping: 1.959500 ms MarkObjects: 10.854400 ms  DeleteObjects: 5.985500 ms)

========================================================================
Received Prepare
Assembly reference Packages/com.unity.entities/Unity.Scenes.Editor/Internals/Properties/Unity.Properties.Internals.asmref has no target assembly definition
Assembly reference Packages/com.unity.entities/Unity.Scenes.Editor/Internals/Properties/Unity.Properties.Internals.asmref has no target assembly definition
Begin MonoManager ReloadAssembly
- Loaded All Assemblies, in  1.045 seconds
Assembly reference Packages/com.unity.entities/Unity.Scenes.Editor/Internals/Properties/Unity.Properties.Internals.asmref has no target assembly definition
Refreshing native plugins compatible for Editor in 2.18 ms, found 4 plugins.
Native extension for WindowsStandalone target not found
Assembly reference Packages/com.unity.entities/Unity.Scenes.Editor/Internals/Properties/Unity.Properties.Internals.asmref has no target assembly definition
[Package Manager] Failed to launch server process. Reason: Unity was launched with the -noUpm command-line argument
[Package Manager] Unable to send message (not connected to server process).
[Package Manager] Cannot connect to Unity Package Manager local server
TypeManager.Initialize took: 489ms
Mono: successfully reloaded assembly
- Finished resetting the current domain, in  1.860 seconds
Domain Reload Profiling: 2904ms
	BeginReloadAssembly (295ms)
		ExecutionOrderSort (0ms)
		DisableScriptedObjects (7ms)
		BackupInstance (0ms)
		ReleaseScriptingObjects (0ms)
		CreateAndSetChildDomain (105ms)
	RebuildCommonClasses (62ms)
	RebuildNativeTypeToScriptingClass (23ms)
	initialDomainReloadingComplete (39ms)
	LoadAllAssembliesAndSetupDomain (625ms)
		LoadAssemblies (494ms)
		RebuildTransferFunctionScriptingTraits (0ms)
		AnalyzeDomain (264ms)
			TypeCache.Refresh (13ms)
				TypeCache.ScanAssembly (0ms)
			BuildScriptInfoCaches (228ms)
			ResolveRequiredComponents (19ms)
	FinalizeReload (1860ms)
		ReleaseScriptCaches (0ms)
		RebuildScriptCaches (0ms)
		SetupLoadedEditorAssemblies (1539ms)
			LogAssemblyErrors (0ms)
			InitializePlatformSupportModulesInManaged (3ms)
			SetLoadedEditorAssemblies (6ms)
			BeforeProcessingInitializeOnLoad (97ms)
			ProcessInitializeOnLoadAttributes (1221ms)
			ProcessInitializeOnLoadMethodAttributes (203ms)
			AfterProcessingInitializeOnLoad (9ms)
			EditorAssembliesLoaded (0ms)
		ExecutionOrderSort2 (0ms)
		AwakeInstancesAfterBackupRestoration (33ms)
Refreshing native plugins compatible for Editor in 3.30 ms, found 4 plugins.
Preloading 0 native plugins for Editor in 0.00 ms.
Unloading 26 Unused Serialized files (Serialized files now loaded: 0)
Unloading 7690 unused Assets / (4.8 MB). Loaded Objects now: 8386.
Memory consumption went from 168.7 MB to 163.9 MB.
Total: 30.669700 ms (FindLiveObjects: 1.451000 ms CreateObjectMapping: 3.392700 ms MarkObjects: 14.417600 ms  DeleteObjects: 11.406200 ms)

Unloading 0 Unused Serialized files (Serialized files now loaded: 0)
Unloading 0 unused Assets / (6.3 MB). Loaded Objects now: 8386.
Memory consumption went from 163.8 MB to 157.6 MB.
Total: 19.712100 ms (FindLiveObjects: 1.371100 ms CreateObjectMapping: 1.494600 ms MarkObjects: 14.615900 ms  DeleteObjects: 2.228300 ms)

Prepare: number of updated asset objects reloaded= 0
========================================================================
Received Prepare
Refreshing native plugins compatible for Editor in 2.88 ms, found 4 plugins.
Preloading 0 native plugins for Editor in 0.00 ms.
Unloading 22 Unused Serialized files (Serialized files now loaded: 0)
Unloading 7674 unused Assets / (4.1 MB). Loaded Objects now: 8386.
Memory consumption went from 168.3 MB to 164.2 MB.
Total: 63.031900 ms (FindLiveObjects: 2.252300 ms CreateObjectMapping: 2.265000 ms MarkObjects: 26.906200 ms  DeleteObjects: 31.605500 ms)

Prepare: number of updated asset objects reloaded= 0
========================================================================
Received Prepare
Assembly reference Packages/com.unity.entities/Unity.Scenes.Editor/Internals/Properties/Unity.Properties.Internals.asmref has no target assembly definition
Assembly reference Packages/com.unity.entities/Unity.Scenes.Editor/Internals/Properties/Unity.Properties.Internals.asmref has no target assembly definition
Begin MonoManager ReloadAssembly
- Loaded All Assemblies, in  1.059 seconds
Assembly reference Packages/com.unity.entities/Unity.Scenes.Editor/Internals/Properties/Unity.Properties.Internals.asmref has no target assembly definition
Refreshing native plugins compatible for Editor in 1.93 ms, found 4 plugins.
Native extension for WindowsStandalone target not found
Assembly reference Packages/com.unity.entities/Unity.Scenes.Editor/Internals/Properties/Unity.Properties.Internals.asmref has no target assembly definition
[Package Manager] Failed to launch server process. Reason: Unity was launched with the -noUpm command-line argument
[Package Manager] Unable to send message (not connected to server process).
[Package Manager] Cannot connect to Unity Package Manager local server
TypeManager.Initialize took: 479ms
Mono: successfully reloaded assembly
- Finished resetting the current domain, in  1.826 seconds
Domain Reload Profiling: 2887ms
	BeginReloadAssembly (288ms)
		ExecutionOrderSort (0ms)
		DisableScriptedObjects (7ms)
		BackupInstance (0ms)
		ReleaseScriptingObjects (0ms)
		CreateAndSetChildDomain (99ms)
	RebuildCommonClasses (50ms)
	RebuildNativeTypeToScriptingClass (19ms)
	initialDomainReloadingComplete (41ms)
	LoadAllAssembliesAndSetupDomain (662ms)
		LoadAssemblies (514ms)
		RebuildTransferFunctionScriptingTraits (0ms)
		AnalyzeDomain (272ms)
			TypeCache.Refresh (16ms)
				TypeCache.ScanAssembly (2ms)
			BuildScriptInfoCaches (232ms)
			ResolveRequiredComponents (17ms)
	FinalizeReload (1827ms)
		ReleaseScriptCaches (0ms)
		RebuildScriptCaches (0ms)
		SetupLoadedEditorAssemblies (1503ms)
			LogAssemblyErrors (0ms)
			InitializePlatformSupportModulesInManaged (3ms)
			SetLoadedEditorAssemblies (8ms)
			BeforeProcessingInitializeOnLoad (108ms)
			ProcessInitializeOnLoadAttributes (1200ms)
			ProcessInitializeOnLoadMethodAttributes (177ms)
			AfterProcessingInitializeOnLoad (7ms)
			EditorAssembliesLoaded (0ms)
		ExecutionOrderSort2 (0ms)
		AwakeInstancesAfterBackupRestoration (33ms)
Refreshing native plugins compatible for Editor in 2.98 ms, found 4 plugins.
Preloading 0 native plugins for Editor in 0.00 ms.
Unloading 24 Unused Serialized files (Serialized files now loaded: 0)
Unloading 7689 unused Assets / (5.6 MB). Loaded Objects now: 8386.
Memory consumption went from 170.4 MB to 164.8 MB.
Total: 28.851400 ms (FindLiveObjects: 1.451000 ms CreateObjectMapping: 3.543200 ms MarkObjects: 16.412200 ms  DeleteObjects: 7.442900 ms)

Unloading 0 Unused Serialized files (Serialized files now loaded: 0)
Unloading 0 unused Assets / (5.5 MB). Loaded Objects now: 8386.
Memory consumption went from 164.7 MB to 159.3 MB.
Total: 34.875600 ms (FindLiveObjects: 0.977400 ms CreateObjectMapping: 2.152900 ms MarkObjects: 26.504700 ms  DeleteObjects: 5.238700 ms)

Prepare: number of updated asset objects reloaded= 0
========================================================================
Received Prepare
Assembly reference Packages/com.unity.entities/Unity.Scenes.Editor/Internals/Properties/Unity.Properties.Internals.asmref has no target assembly definition
Assembly reference Packages/com.unity.entities/Unity.Scenes.Editor/Internals/Properties/Unity.Properties.Internals.asmref has no target assembly definition
Begin MonoManager ReloadAssembly
- Loaded All Assemblies, in  1.044 seconds
Assembly reference Packages/com.unity.entities/Unity.Scenes.Editor/Internals/Properties/Unity.Properties.Internals.asmref has no target assembly definition
Refreshing native plugins compatible for Editor in 2.12 ms, found 4 plugins.
Native extension for WindowsStandalone target not found
Assembly reference Packages/com.unity.entities/Unity.Scenes.Editor/Internals/Properties/Unity.Properties.Internals.asmref has no target assembly definition
[Package Manager] Failed to launch server process. Reason: Unity was launched with the -noUpm command-line argument
[Package Manager] Unable to send message (not connected to server process).
[Package Manager] Cannot connect to Unity Package Manager local server
TypeManager.Initialize took: 526ms
Mono: successfully reloaded assembly
- Finished resetting the current domain, in  1.832 seconds
Domain Reload Profiling: 2875ms
	BeginReloadAssembly (268ms)
		ExecutionOrderSort (0ms)
		DisableScriptedObjects (6ms)
		BackupInstance (0ms)
		ReleaseScriptingObjects (0ms)
		CreateAndSetChildDomain (94ms)
	RebuildCommonClasses (44ms)
	RebuildNativeTypeToScriptingClass (16ms)
	initialDomainReloadingComplete (42ms)
	LoadAllAssembliesAndSetupDomain (672ms)
		LoadAssemblies (547ms)
		RebuildTransferFunctionScriptingTraits (0ms)
		AnalyzeDomain (245ms)
			TypeCache.Refresh (11ms)
				TypeCache.ScanAssembly (0ms)
			BuildScriptInfoCaches (215ms)
			ResolveRequiredComponents (15ms)
	FinalizeReload (1833ms)
		ReleaseScriptCaches (0ms)
		RebuildScriptCaches (0ms)
		SetupLoadedEditorAssemblies (1533ms)
			LogAssemblyErrors (0ms)
			InitializePlatformSupportModulesInManaged (3ms)
			SetLoadedEditorAssemblies (7ms)
			BeforeProcessingInitializeOnLoad (104ms)
			ProcessInitializeOnLoadAttributes (1195ms)
			ProcessInitializeOnLoadMethodAttributes (216ms)
			AfterProcessingInitializeOnLoad (8ms)
			EditorAssembliesLoaded (0ms)
		ExecutionOrderSort2 (0ms)
		AwakeInstancesAfterBackupRestoration (33ms)
Refreshing native plugins compatible for Editor in 6.93 ms, found 4 plugins.
Preloading 0 native plugins for Editor in 0.00 ms.
Unloading 24 Unused Serialized files (Serialized files now loaded: 0)
Unloading 7689 unused Assets / (4.9 MB). Loaded Objects now: 8386.
Memory consumption went from 172.3 MB to 167.4 MB.
Total: 30.799600 ms (FindLiveObjects: 1.376400 ms CreateObjectMapping: 3.487500 ms MarkObjects: 17.705000 ms  DeleteObjects: 8.228000 ms)

Unloading 0 Unused Serialized files (Serialized files now loaded: 0)
Unloading 0 unused Assets / (5.3 MB). Loaded Objects now: 8386.
Memory consumption went from 167.4 MB to 162.0 MB.
Total: 16.421100 ms (FindLiveObjects: 0.925700 ms CreateObjectMapping: 1.266500 ms MarkObjects: 11.955800 ms  DeleteObjects: 2.271000 ms)

Prepare: number of updated asset objects reloaded= 0
========================================================================
Received Prepare
Assembly reference Packages/com.unity.entities/Unity.Scenes.Editor/Internals/Properties/Unity.Properties.Internals.asmref has no target assembly definition
Assembly reference Packages/com.unity.entities/Unity.Scenes.Editor/Internals/Properties/Unity.Properties.Internals.asmref has no target assembly definition
Begin MonoManager ReloadAssembly
- Loaded All Assemblies, in  1.014 seconds
Assembly reference Packages/com.unity.entities/Unity.Scenes.Editor/Internals/Properties/Unity.Properties.Internals.asmref has no target assembly definition
Refreshing native plugins compatible for Editor in 1.82 ms, found 4 plugins.
Native extension for WindowsStandalone target not found
Assembly reference Packages/com.unity.entities/Unity.Scenes.Editor/Internals/Properties/Unity.Properties.Internals.asmref has no target assembly definition
[Package Manager] Failed to launch server process. Reason: Unity was launched with the -noUpm command-line argument
[Package Manager] Unable to send message (not connected to server process).
[Package Manager] Cannot connect to Unity Package Manager local server
TypeManager.Initialize took: 486ms
Mono: successfully reloaded assembly
- Finished resetting the current domain, in  1.833 seconds
Domain Reload Profiling: 2848ms
	BeginReloadAssembly (278ms)
		ExecutionOrderSort (0ms)
		DisableScriptedObjects (6ms)
		BackupInstance (0ms)
		ReleaseScriptingObjects (0ms)
		CreateAndSetChildDomain (100ms)
	RebuildCommonClasses (44ms)
	RebuildNativeTypeToScriptingClass (18ms)
	initialDomainReloadingComplete (41ms)
	LoadAllAssembliesAndSetupDomain (634ms)
		LoadAssemblies (480ms)
		RebuildTransferFunctionScriptingTraits (0ms)
		AnalyzeDomain (276ms)
			TypeCache.Refresh (12ms)
				TypeCache.ScanAssembly (0ms)
			BuildScriptInfoCaches (242ms)
			ResolveRequiredComponents (16ms)
	FinalizeReload (1834ms)
		ReleaseScriptCaches (0ms)
		RebuildScriptCaches (0ms)
		SetupLoadedEditorAssemblies (1529ms)
			LogAssemblyErrors (0ms)
			InitializePlatformSupportModulesInManaged (4ms)
			SetLoadedEditorAssemblies (7ms)
			BeforeProcessingInitializeOnLoad (107ms)
			ProcessInitializeOnLoadAttributes (1207ms)
			ProcessInitializeOnLoadMethodAttributes (196ms)
			AfterProcessingInitializeOnLoad (8ms)
			EditorAssembliesLoaded (1ms)
		ExecutionOrderSort2 (0ms)
		AwakeInstancesAfterBackupRestoration (32ms)
Refreshing native plugins compatible for Editor in 8.62 ms, found 4 plugins.
Preloading 0 native plugins for Editor in 0.00 ms.
Unloading 24 Unused Serialized files (Serialized files now loaded: 0)
Unloading 7689 unused Assets / (2.9 MB). Loaded Objects now: 8386.
Memory consumption went from 174.2 MB to 171.3 MB.
Total: 36.268900 ms (FindLiveObjects: 3.037500 ms CreateObjectMapping: 4.647700 ms MarkObjects: 16.728200 ms  DeleteObjects: 11.853800 ms)

Unloading 0 Unused Serialized files (Serialized files now loaded: 0)
Unloading 0 unused Assets / (7.0 MB). Loaded Objects now: 8386.
Memory consumption went from 171.3 MB to 164.3 MB.
Total: 21.566300 ms (FindLiveObjects: 1.370000 ms CreateObjectMapping: 1.376800 ms MarkObjects: 14.857400 ms  DeleteObjects: 3.960600 ms)

Prepare: number of updated asset objects reloaded= 0
========================================================================
Received Prepare
Assembly reference Packages/com.unity.entities/Unity.Scenes.Editor/Internals/Properties/Unity.Properties.Internals.asmref has no target assembly definition
Assembly reference Packages/com.unity.entities/Unity.Scenes.Editor/Internals/Properties/Unity.Properties.Internals.asmref has no target assembly definition
Begin MonoManager ReloadAssembly
- Loaded All Assemblies, in  1.028 seconds
Assembly reference Packages/com.unity.entities/Unity.Scenes.Editor/Internals/Properties/Unity.Properties.Internals.asmref has no target assembly definition
Refreshing native plugins compatible for Editor in 1.89 ms, found 4 plugins.
Native extension for WindowsStandalone target not found
Assembly reference Packages/com.unity.entities/Unity.Scenes.Editor/Internals/Properties/Unity.Properties.Internals.asmref has no target assembly definition
[Package Manager] Failed to launch server process. Reason: Unity was launched with the -noUpm command-line argument
[Package Manager] Unable to send message (not connected to server process).
[Package Manager] Cannot connect to Unity Package Manager local server
TypeManager.Initialize took: 443ms
Mono: successfully reloaded assembly
- Finished resetting the current domain, in  1.736 seconds
Domain Reload Profiling: 2765ms
	BeginReloadAssembly (266ms)
		ExecutionOrderSort (0ms)
		DisableScriptedObjects (6ms)
		BackupInstance (0ms)
		ReleaseScriptingObjects (0ms)
		CreateAndSetChildDomain (93ms)
	RebuildCommonClasses (51ms)
	RebuildNativeTypeToScriptingClass (17ms)
	initialDomainReloadingComplete (39ms)
	LoadAllAssembliesAndSetupDomain (653ms)
		LoadAssemblies (475ms)
		RebuildTransferFunctionScriptingTraits (0ms)
		AnalyzeDomain (296ms)
			TypeCache.Refresh (11ms)
				TypeCache.ScanAssembly (0ms)
			BuildScriptInfoCaches (261ms)
			ResolveRequiredComponents (20ms)
	FinalizeReload (1737ms)
		ReleaseScriptCaches (0ms)
		RebuildScriptCaches (0ms)
		SetupLoadedEditorAssemblies (1440ms)
			LogAssemblyErrors (0ms)
			InitializePlatformSupportModulesInManaged (3ms)
			SetLoadedEditorAssemblies (8ms)
			BeforeProcessingInitializeOnLoad (108ms)
			ProcessInitializeOnLoadAttributes (1127ms)
			ProcessInitializeOnLoadMethodAttributes (185ms)
			AfterProcessingInitializeOnLoad (9ms)
			EditorAssembliesLoaded (0ms)
		ExecutionOrderSort2 (0ms)
		AwakeInstancesAfterBackupRestoration (29ms)
Refreshing native plugins compatible for Editor in 3.16 ms, found 4 plugins.
Preloading 0 native plugins for Editor in 0.00 ms.
Unloading 24 Unused Serialized files (Serialized files now loaded: 0)
Unloading 7689 unused Assets / (6.3 MB). Loaded Objects now: 8386.
Memory consumption went from 176.2 MB to 169.9 MB.
Total: 24.627000 ms (FindLiveObjects: 1.244100 ms CreateObjectMapping: 3.053900 ms MarkObjects: 13.216900 ms  DeleteObjects: 7.110500 ms)

Unloading 0 Unused Serialized files (Serialized files now loaded: 0)
Unloading 0 unused Assets / (4.8 MB). Loaded Objects now: 8386.
Memory consumption went from 169.9 MB to 165.1 MB.
Total: 16.454800 ms (FindLiveObjects: 0.647000 ms CreateObjectMapping: 1.047100 ms MarkObjects: 12.867600 ms  DeleteObjects: 1.891300 ms)

Prepare: number of updated asset objects reloaded= 0
========================================================================
Received Prepare
Assembly reference Packages/com.unity.entities/Unity.Scenes.Editor/Internals/Properties/Unity.Properties.Internals.asmref has no target assembly definition
Assembly reference Packages/com.unity.entities/Unity.Scenes.Editor/Internals/Properties/Unity.Properties.Internals.asmref has no target assembly definition
Begin MonoManager ReloadAssembly
- Loaded All Assemblies, in  0.964 seconds
Assembly reference Packages/com.unity.entities/Unity.Scenes.Editor/Internals/Properties/Unity.Properties.Internals.asmref has no target assembly definition
Refreshing native plugins compatible for Editor in 2.17 ms, found 4 plugins.
Native extension for WindowsStandalone target not found
Assembly reference Packages/com.unity.entities/Unity.Scenes.Editor/Internals/Properties/Unity.Properties.Internals.asmref has no target assembly definition
[Package Manager] Failed to launch server process. Reason: Unity was launched with the -noUpm command-line argument
[Package Manager] Unable to send message (not connected to server process).
[Package Manager] Cannot connect to Unity Package Manager local server
TypeManager.Initialize took: 462ms
Mono: successfully reloaded assembly
- Finished resetting the current domain, in  1.801 seconds
Domain Reload Profiling: 2765ms
	BeginReloadAssembly (267ms)
		ExecutionOrderSort (0ms)
		DisableScriptedObjects (6ms)
		BackupInstance (0ms)
		ReleaseScriptingObjects (0ms)
		CreateAndSetChildDomain (95ms)
	RebuildCommonClasses (49ms)
	RebuildNativeTypeToScriptingClass (17ms)
	initialDomainReloadingComplete (41ms)
	LoadAllAssembliesAndSetupDomain (589ms)
		LoadAssemblies (465ms)
		RebuildTransferFunctionScriptingTraits (0ms)
		AnalyzeDomain (242ms)
			TypeCache.Refresh (11ms)
				TypeCache.ScanAssembly (0ms)
			BuildScriptInfoCaches (210ms)
			ResolveRequiredComponents (16ms)
	FinalizeReload (1802ms)
		ReleaseScriptCaches (0ms)
		RebuildScriptCaches (0ms)
		SetupLoadedEditorAssemblies (1490ms)
			LogAssemblyErrors (0ms)
			InitializePlatformSupportModulesInManaged (3ms)
			SetLoadedEditorAssemblies (9ms)
			BeforeProcessingInitializeOnLoad (110ms)
			ProcessInitializeOnLoadAttributes (1175ms)
			ProcessInitializeOnLoadMethodAttributes (185ms)
			AfterProcessingInitializeOnLoad (8ms)
			EditorAssembliesLoaded (1ms)
		ExecutionOrderSort2 (0ms)
		AwakeInstancesAfterBackupRestoration (32ms)
Refreshing native plugins compatible for Editor in 4.39 ms, found 4 plugins.
Preloading 0 native plugins for Editor in 0.00 ms.
Unloading 24 Unused Serialized files (Serialized files now loaded: 0)
Unloading 7689 unused Assets / (6.2 MB). Loaded Objects now: 8386.
Memory consumption went from 178.1 MB to 171.9 MB.
Total: 24.791400 ms (FindLiveObjects: 1.331200 ms CreateObjectMapping: 3.880700 ms MarkObjects: 11.941200 ms  DeleteObjects: 7.636800 ms)

Unloading 0 Unused Serialized files (Serialized files now loaded: 0)
Unloading 0 unused Assets / (4.9 MB). Loaded Objects now: 8386.
Memory consumption went from 171.9 MB to 167.0 MB.
Total: 16.979400 ms (FindLiveObjects: 0.886500 ms CreateObjectMapping: 1.635000 ms MarkObjects: 12.134000 ms  DeleteObjects: 2.322200 ms)

Prepare: number of updated asset objects reloaded= 0
========================================================================
Received Import Request.
  Time since last request: 51007.680500 seconds.
  path: Assets/Models/Weapons/RifleGun.fbx
  artifactKey: Guid(30c94243b1e2240429efc09ee53c80be) Importer(815301076,1909f56bfc062723c751e8b465ee728b)
Start importing Assets/Models/Weapons/RifleGun.fbx using Guid(30c94243b1e2240429efc09ee53c80be) Importer(815301076,1909f56bfc062723c751e8b465ee728b) (PreviewImporter)Missing types referenced from component UniversalRenderPipelineGlobalSettings on game object UniversalRenderPipelineGlobalSettings:
	UnityEngine.Rendering.GPUResidentDrawerResources, Unity.RenderPipelines.GPUDriven.Runtime (1 object)
	UnityEngine.Rendering.IncludeAdditionalRPAssets, Unity.RenderPipelines.Core.Runtime (1 object)
	UnityEngine.Rendering.LightmapSamplingSettings, Unity.RenderPipelines.Core.Runtime (1 object)
	UnityEngine.Rendering.ProbeVolumeBakingResources, Unity.RenderPipelines.Core.Runtime (1 object)
	UnityEngine.Rendering.ProbeVolumeDebugResources, Unity.RenderPipelines.Core.Runtime (1 object)
	UnityEngine.Rendering.ProbeVolumeGlobalSettings, Unity.RenderPipelines.Core.Runtime (1 object)
	UnityEngine.Rendering.ProbeVolumeRuntimeResources, Unity.RenderPipelines.Core.Runtime (1 object)
	UnityEngine.Rendering.RenderGraphGlobalSettings, Unity.RenderPipelines.Core.Runtime (1 object)
	UnityEngine.Rendering.RenderGraphModule.Util.RenderGraphUtilsResources, Unity.RenderPipelines.Core.Runtime (1 object)
	UnityEngine.Rendering.STP/RuntimeResources, Unity.RenderPipelines.Core.Runtime (1 object)
	UnityEngine.Rendering.Universal.RenderGraphSettings, Unity.RenderPipelines.Universal.Runtime (1 object)
	UnityEngine.Rendering.Universal.Renderer2DResources, Unity.RenderPipelines.Universal.Runtime (1 object)
	UnityEngine.Rendering.Universal.URPDefaultVolumeProfileSettings, Unity.RenderPipelines.Universal.Runtime (1 object)
	UnityEngine.Rendering.Universal.UniversalRenderPipelineDebugShaders, Unity.RenderPipelines.Universal.Runtime (1 object)
	UnityEngine.Rendering.Universal.UniversalRenderPipelineEditorAssets, Unity.RenderPipelines.Universal.Runtime (1 object)
	UnityEngine.Rendering.Universal.UniversalRenderPipelineEditorMaterials, Unity.RenderPipelines.Universal.Runtime (1 object)
	UnityEngine.Rendering.Universal.UniversalRenderPipelineEditorShaders, Unity.RenderPipelines.Universal.Runtime (1 object)
	UnityEngine.Rendering.Universal.UniversalRenderPipelineRuntimeShaders, Unity.RenderPipelines.Universal.Runtime (1 object)
	UnityEngine.Rendering.Universal.UniversalRenderPipelineRuntimeTextures, Unity.RenderPipelines.Universal.Runtime (1 object)
	UnityEngine.Rendering.Universal.UniversalRenderPipelineRuntimeXRResources, Unity.RenderPipelines.Universal.Runtime (1 object)
	UnityEngine.Rendering.Universal.UniversalRendererResources, Unity.RenderPipelines.Universal.Runtime (1 object)
	UnityEngine.Rendering.VrsRenderPipelineRuntimeResources, Unity.RenderPipelines.Core.Runtime (1 object)
 -> (artifact id: '3c97dd38fb443ef87209d43173961c64') in 1.2510157 seconds
Number of updated asset objects reloaded before import = 0Number of asset objects unloaded after import = 112

========================================================================
Received Prepare
Assembly reference Packages/com.unity.entities/Unity.Scenes.Editor/Internals/Properties/Unity.Properties.Internals.asmref has no target assembly definition
Assembly reference Packages/com.unity.entities/Unity.Scenes.Editor/Internals/Properties/Unity.Properties.Internals.asmref has no target assembly definition
Begin MonoManager ReloadAssembly
- Loaded All Assemblies, in  1.054 seconds
Assembly reference Packages/com.unity.entities/Unity.Scenes.Editor/Internals/Properties/Unity.Properties.Internals.asmref has no target assembly definition
Refreshing native plugins compatible for Editor in 2.02 ms, found 4 plugins.
Native extension for WindowsStandalone target not found
Assembly reference Packages/com.unity.entities/Unity.Scenes.Editor/Internals/Properties/Unity.Properties.Internals.asmref has no target assembly definition
[Package Manager] Failed to launch server process. Reason: Unity was launched with the -noUpm command-line argument
[Package Manager] Unable to send message (not connected to server process).
[Package Manager] Cannot connect to Unity Package Manager local server
TypeManager.Initialize took: 468ms
Mono: successfully reloaded assembly
- Finished resetting the current domain, in  1.828 seconds
Domain Reload Profiling: 2881ms
	BeginReloadAssembly (294ms)
		ExecutionOrderSort (0ms)
		DisableScriptedObjects (18ms)
		BackupInstance (0ms)
		ReleaseScriptingObjects (0ms)
		CreateAndSetChildDomain (104ms)
	RebuildCommonClasses (52ms)
	RebuildNativeTypeToScriptingClass (17ms)
	initialDomainReloadingComplete (40ms)
	LoadAllAssembliesAndSetupDomain (649ms)
		LoadAssemblies (504ms)
		RebuildTransferFunctionScriptingTraits (0ms)
		AnalyzeDomain (267ms)
			TypeCache.Refresh (11ms)
				TypeCache.ScanAssembly (0ms)
			BuildScriptInfoCaches (236ms)
			ResolveRequiredComponents (17ms)
	FinalizeReload (1828ms)
		ReleaseScriptCaches (0ms)
		RebuildScriptCaches (0ms)
		SetupLoadedEditorAssemblies (1492ms)
			LogAssemblyErrors (0ms)
			InitializePlatformSupportModulesInManaged (2ms)
			SetLoadedEditorAssemblies (4ms)
			BeforeProcessingInitializeOnLoad (101ms)
			ProcessInitializeOnLoadAttributes (1182ms)
			ProcessInitializeOnLoadMethodAttributes (195ms)
			AfterProcessingInitializeOnLoad (9ms)
			EditorAssembliesLoaded (0ms)
		ExecutionOrderSort2 (0ms)
		AwakeInstancesAfterBackupRestoration (35ms)
Refreshing native plugins compatible for Editor in 3.23 ms, found 4 plugins.
Preloading 0 native plugins for Editor in 0.00 ms.
Unloading 32 Unused Serialized files (Serialized files now loaded: 0)
Unloading 7720 unused Assets / (9.5 MB). Loaded Objects now: 8433.
Memory consumption went from 196.4 MB to 186.9 MB.
Total: 24.468300 ms (FindLiveObjects: 1.251600 ms CreateObjectMapping: 2.965700 ms MarkObjects: 11.605200 ms  DeleteObjects: 8.644400 ms)

Unloading 0 Unused Serialized files (Serialized files now loaded: 0)
Unloading 0 unused Assets / (7.4 MB). Loaded Objects now: 8433.
Memory consumption went from 186.9 MB to 179.5 MB.
Total: 18.344100 ms (FindLiveObjects: 0.673300 ms CreateObjectMapping: 1.311800 ms MarkObjects: 13.496400 ms  DeleteObjects: 2.860800 ms)

Prepare: number of updated asset objects reloaded= 0
========================================================================
Received Import Request.
  Time since last request: 231.082191 seconds.
  path: Assets/Other/TextMesh Pro/Shaders/TMP_SDF-HDRP LIT.shadergraph
  artifactKey: Guid(ca2ed216f98028c4dae6c5224a952b3c) Importer(815301076,1909f56bfc062723c751e8b465ee728b)
Start importing Assets/Other/TextMesh Pro/Shaders/TMP_SDF-HDRP LIT.shadergraph using Guid(ca2ed216f98028c4dae6c5224a952b3c) Importer(815301076,1909f56bfc062723c751e8b465ee728b) (PreviewImporter)Missing types referenced from component UniversalRenderPipelineGlobalSettings on game object UniversalRenderPipelineGlobalSettings:
	UnityEngine.Rendering.GPUResidentDrawerResources, Unity.RenderPipelines.GPUDriven.Runtime (1 object)
	UnityEngine.Rendering.IncludeAdditionalRPAssets, Unity.RenderPipelines.Core.Runtime (1 object)
	UnityEngine.Rendering.LightmapSamplingSettings, Unity.RenderPipelines.Core.Runtime (1 object)
	UnityEngine.Rendering.ProbeVolumeBakingResources, Unity.RenderPipelines.Core.Runtime (1 object)
	UnityEngine.Rendering.ProbeVolumeDebugResources, Unity.RenderPipelines.Core.Runtime (1 object)
	UnityEngine.Rendering.ProbeVolumeGlobalSettings, Unity.RenderPipelines.Core.Runtime (1 object)
	UnityEngine.Rendering.ProbeVolumeRuntimeResources, Unity.RenderPipelines.Core.Runtime (1 object)
	UnityEngine.Rendering.RenderGraphGlobalSettings, Unity.RenderPipelines.Core.Runtime (1 object)
	UnityEngine.Rendering.RenderGraphModule.Util.RenderGraphUtilsResources, Unity.RenderPipelines.Core.Runtime (1 object)
	UnityEngine.Rendering.STP/RuntimeResources, Unity.RenderPipelines.Core.Runtime (1 object)
	UnityEngine.Rendering.Universal.RenderGraphSettings, Unity.RenderPipelines.Universal.Runtime (1 object)
	UnityEngine.Rendering.Universal.Renderer2DResources, Unity.RenderPipelines.Universal.Runtime (1 object)
	UnityEngine.Rendering.Universal.URPDefaultVolumeProfileSettings, Unity.RenderPipelines.Universal.Runtime (1 object)
	UnityEngine.Rendering.Universal.UniversalRenderPipelineDebugShaders, Unity.RenderPipelines.Universal.Runtime (1 object)
	UnityEngine.Rendering.Universal.UniversalRenderPipelineEditorAssets, Unity.RenderPipelines.Universal.Runtime (1 object)
	UnityEngine.Rendering.Universal.UniversalRenderPipelineEditorMaterials, Unity.RenderPipelines.Universal.Runtime (1 object)
	UnityEngine.Rendering.Universal.UniversalRenderPipelineEditorShaders, Unity.RenderPipelines.Universal.Runtime (1 object)
	UnityEngine.Rendering.Universal.UniversalRenderPipelineRuntimeShaders, Unity.RenderPipelines.Universal.Runtime (1 object)
	UnityEngine.Rendering.Universal.UniversalRenderPipelineRuntimeTextures, Unity.RenderPipelines.Universal.Runtime (1 object)
	UnityEngine.Rendering.Universal.UniversalRenderPipelineRuntimeXRResources, Unity.RenderPipelines.Universal.Runtime (1 object)
	UnityEngine.Rendering.Universal.UniversalRendererResources, Unity.RenderPipelines.Universal.Runtime (1 object)
	UnityEngine.Rendering.VrsRenderPipelineRuntimeResources, Unity.RenderPipelines.Core.Runtime (1 object)
 -> (artifact id: '1230b4c6667f7788070cb379373223e5') in 0.4299448 seconds
Number of updated asset objects reloaded before import = 0Number of asset objects unloaded after import = 14

========================================================================
Received Import Request.
  Time since last request: 0.000043 seconds.
  path: Assets/Other/TextMesh Pro/Shaders/TMP_SDF-URP Unlit.shadergraph
  artifactKey: Guid(124c112a6e8f1a54e8b0870e881b56d8) Importer(815301076,1909f56bfc062723c751e8b465ee728b)
Start importing Assets/Other/TextMesh Pro/Shaders/TMP_SDF-URP Unlit.shadergraph using Guid(124c112a6e8f1a54e8b0870e881b56d8) Importer(815301076,1909f56bfc062723c751e8b465ee728b) (PreviewImporter)Missing types referenced from component UniversalRenderPipelineGlobalSettings on game object UniversalRenderPipelineGlobalSettings:
	UnityEngine.Rendering.GPUResidentDrawerResources, Unity.RenderPipelines.GPUDriven.Runtime (1 object)
	UnityEngine.Rendering.IncludeAdditionalRPAssets, Unity.RenderPipelines.Core.Runtime (1 object)
	UnityEngine.Rendering.LightmapSamplingSettings, Unity.RenderPipelines.Core.Runtime (1 object)
	UnityEngine.Rendering.ProbeVolumeBakingResources, Unity.RenderPipelines.Core.Runtime (1 object)
	UnityEngine.Rendering.ProbeVolumeDebugResources, Unity.RenderPipelines.Core.Runtime (1 object)
	UnityEngine.Rendering.ProbeVolumeGlobalSettings, Unity.RenderPipelines.Core.Runtime (1 object)
	UnityEngine.Rendering.ProbeVolumeRuntimeResources, Unity.RenderPipelines.Core.Runtime (1 object)
	UnityEngine.Rendering.RenderGraphGlobalSettings, Unity.RenderPipelines.Core.Runtime (1 object)
	UnityEngine.Rendering.RenderGraphModule.Util.RenderGraphUtilsResources, Unity.RenderPipelines.Core.Runtime (1 object)
	UnityEngine.Rendering.STP/RuntimeResources, Unity.RenderPipelines.Core.Runtime (1 object)
	UnityEngine.Rendering.Universal.RenderGraphSettings, Unity.RenderPipelines.Universal.Runtime (1 object)
	UnityEngine.Rendering.Universal.Renderer2DResources, Unity.RenderPipelines.Universal.Runtime (1 object)
	UnityEngine.Rendering.Universal.URPDefaultVolumeProfileSettings, Unity.RenderPipelines.Universal.Runtime (1 object)
	UnityEngine.Rendering.Universal.UniversalRenderPipelineDebugShaders, Unity.RenderPipelines.Universal.Runtime (1 object)
	UnityEngine.Rendering.Universal.UniversalRenderPipelineEditorAssets, Unity.RenderPipelines.Universal.Runtime (1 object)
	UnityEngine.Rendering.Universal.UniversalRenderPipelineEditorMaterials, Unity.RenderPipelines.Universal.Runtime (1 object)
	UnityEngine.Rendering.Universal.UniversalRenderPipelineEditorShaders, Unity.RenderPipelines.Universal.Runtime (1 object)
	UnityEngine.Rendering.Universal.UniversalRenderPipelineRuntimeShaders, Unity.RenderPipelines.Universal.Runtime (1 object)
	UnityEngine.Rendering.Universal.UniversalRenderPipelineRuntimeTextures, Unity.RenderPipelines.Universal.Runtime (1 object)
	UnityEngine.Rendering.Universal.UniversalRenderPipelineRuntimeXRResources, Unity.RenderPipelines.Universal.Runtime (1 object)
	UnityEngine.Rendering.Universal.UniversalRendererResources, Unity.RenderPipelines.Universal.Runtime (1 object)
	UnityEngine.Rendering.VrsRenderPipelineRuntimeResources, Unity.RenderPipelines.Core.Runtime (1 object)
 -> (artifact id: 'c3578d5d4b8148a4c0b549541626e41d') in 4.5745755 seconds
Number of updated asset objects reloaded before import = 0Number of asset objects unloaded after import = 4

========================================================================
Received Import Request.
  Time since last request: 0.000048 seconds.
  path: Assets/Other/TextMesh Pro/Examples & Extras/Resources/Fonts & Materials/Roboto-Bold SDF - URP.mat
  artifactKey: Guid(90722b8bd74d9aa49958562aff7bdf76) Importer(815301076,1909f56bfc062723c751e8b465ee728b)
Start importing Assets/Other/TextMesh Pro/Examples & Extras/Resources/Fonts & Materials/Roboto-Bold SDF - URP.mat using Guid(90722b8bd74d9aa49958562aff7bdf76) Importer(815301076,1909f56bfc062723c751e8b465ee728b) (PreviewImporter)Missing types referenced from component UniversalRenderPipelineGlobalSettings on game object UniversalRenderPipelineGlobalSettings:
	UnityEngine.Rendering.GPUResidentDrawerResources, Unity.RenderPipelines.GPUDriven.Runtime (1 object)
	UnityEngine.Rendering.IncludeAdditionalRPAssets, Unity.RenderPipelines.Core.Runtime (1 object)
	UnityEngine.Rendering.LightmapSamplingSettings, Unity.RenderPipelines.Core.Runtime (1 object)
	UnityEngine.Rendering.ProbeVolumeBakingResources, Unity.RenderPipelines.Core.Runtime (1 object)
	UnityEngine.Rendering.ProbeVolumeDebugResources, Unity.RenderPipelines.Core.Runtime (1 object)
	UnityEngine.Rendering.ProbeVolumeGlobalSettings, Unity.RenderPipelines.Core.Runtime (1 object)
	UnityEngine.Rendering.ProbeVolumeRuntimeResources, Unity.RenderPipelines.Core.Runtime (1 object)
	UnityEngine.Rendering.RenderGraphGlobalSettings, Unity.RenderPipelines.Core.Runtime (1 object)
	UnityEngine.Rendering.RenderGraphModule.Util.RenderGraphUtilsResources, Unity.RenderPipelines.Core.Runtime (1 object)
	UnityEngine.Rendering.STP/RuntimeResources, Unity.RenderPipelines.Core.Runtime (1 object)
	UnityEngine.Rendering.Universal.RenderGraphSettings, Unity.RenderPipelines.Universal.Runtime (1 object)
	UnityEngine.Rendering.Universal.Renderer2DResources, Unity.RenderPipelines.Universal.Runtime (1 object)
	UnityEngine.Rendering.Universal.URPDefaultVolumeProfileSettings, Unity.RenderPipelines.Universal.Runtime (1 object)
	UnityEngine.Rendering.Universal.UniversalRenderPipelineDebugShaders, Unity.RenderPipelines.Universal.Runtime (1 object)
	UnityEngine.Rendering.Universal.UniversalRenderPipelineEditorAssets, Unity.RenderPipelines.Universal.Runtime (1 object)
	UnityEngine.Rendering.Universal.UniversalRenderPipelineEditorMaterials, Unity.RenderPipelines.Universal.Runtime (1 object)
	UnityEngine.Rendering.Universal.UniversalRenderPipelineEditorShaders, Unity.RenderPipelines.Universal.Runtime (1 object)
	UnityEngine.Rendering.Universal.UniversalRenderPipelineRuntimeShaders, Unity.RenderPipelines.Universal.Runtime (1 object)
	UnityEngine.Rendering.Universal.UniversalRenderPipelineRuntimeTextures, Unity.RenderPipelines.Universal.Runtime (1 object)
	UnityEngine.Rendering.Universal.UniversalRenderPipelineRuntimeXRResources, Unity.RenderPipelines.Universal.Runtime (1 object)
	UnityEngine.Rendering.Universal.UniversalRendererResources, Unity.RenderPipelines.Universal.Runtime (1 object)
	UnityEngine.Rendering.VrsRenderPipelineRuntimeResources, Unity.RenderPipelines.Core.Runtime (1 object)
 -> (artifact id: 'e37fb3dfd64eab5f599c21945729659b') in 0.0768114 seconds
Number of updated asset objects reloaded before import = 0Number of asset objects unloaded after import = 4

========================================================================
Received Import Request.
  Time since last request: 0.000029 seconds.
  path: Assets/Other/TextMesh Pro/Examples & Extras/Resources/Fonts & Materials/Roboto-Bold SDF - Drop Shadow.mat
  artifactKey: Guid(b246c4190f4e46ec9352fe15a7b09ce0) Importer(815301076,1909f56bfc062723c751e8b465ee728b)
Start importing Assets/Other/TextMesh Pro/Examples & Extras/Resources/Fonts & Materials/Roboto-Bold SDF - Drop Shadow.mat using Guid(b246c4190f4e46ec9352fe15a7b09ce0) Importer(815301076,1909f56bfc062723c751e8b465ee728b) (PreviewImporter)Missing types referenced from component UniversalRenderPipelineGlobalSettings on game object UniversalRenderPipelineGlobalSettings:
	UnityEngine.Rendering.GPUResidentDrawerResources, Unity.RenderPipelines.GPUDriven.Runtime (1 object)
	UnityEngine.Rendering.IncludeAdditionalRPAssets, Unity.RenderPipelines.Core.Runtime (1 object)
	UnityEngine.Rendering.LightmapSamplingSettings, Unity.RenderPipelines.Core.Runtime (1 object)
	UnityEngine.Rendering.ProbeVolumeBakingResources, Unity.RenderPipelines.Core.Runtime (1 object)
	UnityEngine.Rendering.ProbeVolumeDebugResources, Unity.RenderPipelines.Core.Runtime (1 object)
	UnityEngine.Rendering.ProbeVolumeGlobalSettings, Unity.RenderPipelines.Core.Runtime (1 object)
	UnityEngine.Rendering.ProbeVolumeRuntimeResources, Unity.RenderPipelines.Core.Runtime (1 object)
	UnityEngine.Rendering.RenderGraphGlobalSettings, Unity.RenderPipelines.Core.Runtime (1 object)
	UnityEngine.Rendering.RenderGraphModule.Util.RenderGraphUtilsResources, Unity.RenderPipelines.Core.Runtime (1 object)
	UnityEngine.Rendering.STP/RuntimeResources, Unity.RenderPipelines.Core.Runtime (1 object)
	UnityEngine.Rendering.Universal.RenderGraphSettings, Unity.RenderPipelines.Universal.Runtime (1 object)
	UnityEngine.Rendering.Universal.Renderer2DResources, Unity.RenderPipelines.Universal.Runtime (1 object)
	UnityEngine.Rendering.Universal.URPDefaultVolumeProfileSettings, Unity.RenderPipelines.Universal.Runtime (1 object)
	UnityEngine.Rendering.Universal.UniversalRenderPipelineDebugShaders, Unity.RenderPipelines.Universal.Runtime (1 object)
	UnityEngine.Rendering.Universal.UniversalRenderPipelineEditorAssets, Unity.RenderPipelines.Universal.Runtime (1 object)
	UnityEngine.Rendering.Universal.UniversalRenderPipelineEditorMaterials, Unity.RenderPipelines.Universal.Runtime (1 object)
	UnityEngine.Rendering.Universal.UniversalRenderPipelineEditorShaders, Unity.RenderPipelines.Universal.Runtime (1 object)
	UnityEngine.Rendering.Universal.UniversalRenderPipelineRuntimeShaders, Unity.RenderPipelines.Universal.Runtime (1 object)
	UnityEngine.Rendering.Universal.UniversalRenderPipelineRuntimeTextures, Unity.RenderPipelines.Universal.Runtime (1 object)
	UnityEngine.Rendering.Universal.UniversalRenderPipelineRuntimeXRResources, Unity.RenderPipelines.Universal.Runtime (1 object)
	UnityEngine.Rendering.Universal.UniversalRendererResources, Unity.RenderPipelines.Universal.Runtime (1 object)
	UnityEngine.Rendering.VrsRenderPipelineRuntimeResources, Unity.RenderPipelines.Core.Runtime (1 object)
 -> (artifact id: '5566c0038ddbb3a8b12d194f29ef6a4c') in 0.0307716 seconds
Number of updated asset objects reloaded before import = 0Number of asset objects unloaded after import = 3

========================================================================
Received Import Request.
  Time since last request: 0.000029 seconds.
  path: Assets/Models/Animations/Player/Clips/PlayerIdlePistol.fbx
  artifactKey: Guid(057231e548a7e094193790f28dd96093) Importer(815301076,1909f56bfc062723c751e8b465ee728b)
Start importing Assets/Models/Animations/Player/Clips/PlayerIdlePistol.fbx using Guid(057231e548a7e094193790f28dd96093) Importer(815301076,1909f56bfc062723c751e8b465ee728b) (PreviewImporter)Missing types referenced from component UniversalRenderPipelineGlobalSettings on game object UniversalRenderPipelineGlobalSettings:
	UnityEngine.Rendering.GPUResidentDrawerResources, Unity.RenderPipelines.GPUDriven.Runtime (1 object)
	UnityEngine.Rendering.IncludeAdditionalRPAssets, Unity.RenderPipelines.Core.Runtime (1 object)
	UnityEngine.Rendering.LightmapSamplingSettings, Unity.RenderPipelines.Core.Runtime (1 object)
	UnityEngine.Rendering.ProbeVolumeBakingResources, Unity.RenderPipelines.Core.Runtime (1 object)
	UnityEngine.Rendering.ProbeVolumeDebugResources, Unity.RenderPipelines.Core.Runtime (1 object)
	UnityEngine.Rendering.ProbeVolumeGlobalSettings, Unity.RenderPipelines.Core.Runtime (1 object)
	UnityEngine.Rendering.ProbeVolumeRuntimeResources, Unity.RenderPipelines.Core.Runtime (1 object)
	UnityEngine.Rendering.RenderGraphGlobalSettings, Unity.RenderPipelines.Core.Runtime (1 object)
	UnityEngine.Rendering.RenderGraphModule.Util.RenderGraphUtilsResources, Unity.RenderPipelines.Core.Runtime (1 object)
	UnityEngine.Rendering.STP/RuntimeResources, Unity.RenderPipelines.Core.Runtime (1 object)
	UnityEngine.Rendering.Universal.RenderGraphSettings, Unity.RenderPipelines.Universal.Runtime (1 object)
	UnityEngine.Rendering.Universal.Renderer2DResources, Unity.RenderPipelines.Universal.Runtime (1 object)
	UnityEngine.Rendering.Universal.URPDefaultVolumeProfileSettings, Unity.RenderPipelines.Universal.Runtime (1 object)
	UnityEngine.Rendering.Universal.UniversalRenderPipelineDebugShaders, Unity.RenderPipelines.Universal.Runtime (1 object)
	UnityEngine.Rendering.Universal.UniversalRenderPipelineEditorAssets, Unity.RenderPipelines.Universal.Runtime (1 object)
	UnityEngine.Rendering.Universal.UniversalRenderPipelineEditorMaterials, Unity.RenderPipelines.Universal.Runtime (1 object)
	UnityEngine.Rendering.Universal.UniversalRenderPipelineEditorShaders, Unity.RenderPipelines.Universal.Runtime (1 object)
	UnityEngine.Rendering.Universal.UniversalRenderPipelineRuntimeShaders, Unity.RenderPipelines.Universal.Runtime (1 object)
	UnityEngine.Rendering.Universal.UniversalRenderPipelineRuntimeTextures, Unity.RenderPipelines.Universal.Runtime (1 object)
	UnityEngine.Rendering.Universal.UniversalRenderPipelineRuntimeXRResources, Unity.RenderPipelines.Universal.Runtime (1 object)
	UnityEngine.Rendering.Universal.UniversalRendererResources, Unity.RenderPipelines.Universal.Runtime (1 object)
	UnityEngine.Rendering.VrsRenderPipelineRuntimeResources, Unity.RenderPipelines.Core.Runtime (1 object)
 -> (artifact id: 'c0f3f3464edcac57d49c020adcceb527') in 0.2876023 seconds
Number of updated asset objects reloaded before import = 0Number of asset objects unloaded after import = 130

========================================================================
Received Import Request.
  Time since last request: 0.000062 seconds.
  path: Assets/Models/External_Models/Wooden Toy Pack/Materials/StackerBase.mat
  artifactKey: Guid(1ff98342593092143a1e89ffe0f6fe0b) Importer(815301076,1909f56bfc062723c751e8b465ee728b)
Start importing Assets/Models/External_Models/Wooden Toy Pack/Materials/StackerBase.mat using Guid(1ff98342593092143a1e89ffe0f6fe0b) Importer(815301076,1909f56bfc062723c751e8b465ee728b) (PreviewImporter)Missing types referenced from component UniversalRenderPipelineGlobalSettings on game object UniversalRenderPipelineGlobalSettings:
	UnityEngine.Rendering.GPUResidentDrawerResources, Unity.RenderPipelines.GPUDriven.Runtime (1 object)
	UnityEngine.Rendering.IncludeAdditionalRPAssets, Unity.RenderPipelines.Core.Runtime (1 object)
	UnityEngine.Rendering.LightmapSamplingSettings, Unity.RenderPipelines.Core.Runtime (1 object)
	UnityEngine.Rendering.ProbeVolumeBakingResources, Unity.RenderPipelines.Core.Runtime (1 object)
	UnityEngine.Rendering.ProbeVolumeDebugResources, Unity.RenderPipelines.Core.Runtime (1 object)
	UnityEngine.Rendering.ProbeVolumeGlobalSettings, Unity.RenderPipelines.Core.Runtime (1 object)
	UnityEngine.Rendering.ProbeVolumeRuntimeResources, Unity.RenderPipelines.Core.Runtime (1 object)
	UnityEngine.Rendering.RenderGraphGlobalSettings, Unity.RenderPipelines.Core.Runtime (1 object)
	UnityEngine.Rendering.RenderGraphModule.Util.RenderGraphUtilsResources, Unity.RenderPipelines.Core.Runtime (1 object)
	UnityEngine.Rendering.STP/RuntimeResources, Unity.RenderPipelines.Core.Runtime (1 object)
	UnityEngine.Rendering.Universal.RenderGraphSettings, Unity.RenderPipelines.Universal.Runtime (1 object)
	UnityEngine.Rendering.Universal.Renderer2DResources, Unity.RenderPipelines.Universal.Runtime (1 object)
	UnityEngine.Rendering.Universal.URPDefaultVolumeProfileSettings, Unity.RenderPipelines.Universal.Runtime (1 object)
	UnityEngine.Rendering.Universal.UniversalRenderPipelineDebugShaders, Unity.RenderPipelines.Universal.Runtime (1 object)
	UnityEngine.Rendering.Universal.UniversalRenderPipelineEditorAssets, Unity.RenderPipelines.Universal.Runtime (1 object)
	UnityEngine.Rendering.Universal.UniversalRenderPipelineEditorMaterials, Unity.RenderPipelines.Universal.Runtime (1 object)
	UnityEngine.Rendering.Universal.UniversalRenderPipelineEditorShaders, Unity.RenderPipelines.Universal.Runtime (1 object)
	UnityEngine.Rendering.Universal.UniversalRenderPipelineRuntimeShaders, Unity.RenderPipelines.Universal.Runtime (1 object)
	UnityEngine.Rendering.Universal.UniversalRenderPipelineRuntimeTextures, Unity.RenderPipelines.Universal.Runtime (1 object)
	UnityEngine.Rendering.Universal.UniversalRenderPipelineRuntimeXRResources, Unity.RenderPipelines.Universal.Runtime (1 object)
	UnityEngine.Rendering.Universal.UniversalRendererResources, Unity.RenderPipelines.Universal.Runtime (1 object)
	UnityEngine.Rendering.VrsRenderPipelineRuntimeResources, Unity.RenderPipelines.Core.Runtime (1 object)
 -> (artifact id: 'f7e745ce69a4f9479bcfd83815a35977') in 0.062269 seconds
Number of updated asset objects reloaded before import = 0Number of asset objects unloaded after import = 4

========================================================================
Received Import Request.
  Time since last request: 0.000049 seconds.
  path: Assets/Models/Animations/Player/Clips/PlayerRunForward.fbx
  artifactKey: Guid(4bec474748579c84f9170475ac2c68b8) Importer(815301076,1909f56bfc062723c751e8b465ee728b)
Start importing Assets/Models/Animations/Player/Clips/PlayerRunForward.fbx using Guid(4bec474748579c84f9170475ac2c68b8) Importer(815301076,1909f56bfc062723c751e8b465ee728b) (PreviewImporter)Missing types referenced from component UniversalRenderPipelineGlobalSettings on game object UniversalRenderPipelineGlobalSettings:
	UnityEngine.Rendering.GPUResidentDrawerResources, Unity.RenderPipelines.GPUDriven.Runtime (1 object)
	UnityEngine.Rendering.IncludeAdditionalRPAssets, Unity.RenderPipelines.Core.Runtime (1 object)
	UnityEngine.Rendering.LightmapSamplingSettings, Unity.RenderPipelines.Core.Runtime (1 object)
	UnityEngine.Rendering.ProbeVolumeBakingResources, Unity.RenderPipelines.Core.Runtime (1 object)
	UnityEngine.Rendering.ProbeVolumeDebugResources, Unity.RenderPipelines.Core.Runtime (1 object)
	UnityEngine.Rendering.ProbeVolumeGlobalSettings, Unity.RenderPipelines.Core.Runtime (1 object)
	UnityEngine.Rendering.ProbeVolumeRuntimeResources, Unity.RenderPipelines.Core.Runtime (1 object)
	UnityEngine.Rendering.RenderGraphGlobalSettings, Unity.RenderPipelines.Core.Runtime (1 object)
	UnityEngine.Rendering.RenderGraphModule.Util.RenderGraphUtilsResources, Unity.RenderPipelines.Core.Runtime (1 object)
	UnityEngine.Rendering.STP/RuntimeResources, Unity.RenderPipelines.Core.Runtime (1 object)
	UnityEngine.Rendering.Universal.RenderGraphSettings, Unity.RenderPipelines.Universal.Runtime (1 object)
	UnityEngine.Rendering.Universal.Renderer2DResources, Unity.RenderPipelines.Universal.Runtime (1 object)
	UnityEngine.Rendering.Universal.URPDefaultVolumeProfileSettings, Unity.RenderPipelines.Universal.Runtime (1 object)
	UnityEngine.Rendering.Universal.UniversalRenderPipelineDebugShaders, Unity.RenderPipelines.Universal.Runtime (1 object)
	UnityEngine.Rendering.Universal.UniversalRenderPipelineEditorAssets, Unity.RenderPipelines.Universal.Runtime (1 object)
	UnityEngine.Rendering.Universal.UniversalRenderPipelineEditorMaterials, Unity.RenderPipelines.Universal.Runtime (1 object)
	UnityEngine.Rendering.Universal.UniversalRenderPipelineEditorShaders, Unity.RenderPipelines.Universal.Runtime (1 object)
	UnityEngine.Rendering.Universal.UniversalRenderPipelineRuntimeShaders, Unity.RenderPipelines.Universal.Runtime (1 object)
	UnityEngine.Rendering.Universal.UniversalRenderPipelineRuntimeTextures, Unity.RenderPipelines.Universal.Runtime (1 object)
	UnityEngine.Rendering.Universal.UniversalRenderPipelineRuntimeXRResources, Unity.RenderPipelines.Universal.Runtime (1 object)
	UnityEngine.Rendering.Universal.UniversalRendererResources, Unity.RenderPipelines.Universal.Runtime (1 object)
	UnityEngine.Rendering.VrsRenderPipelineRuntimeResources, Unity.RenderPipelines.Core.Runtime (1 object)
 -> (artifact id: '88f6a2edb66334d0999d39e542123cb9') in 0.2167079 seconds
Number of updated asset objects reloaded before import = 0Number of asset objects unloaded after import = 130

========================================================================
Received Import Request.
  Time since last request: 0.000034 seconds.
  path: Assets/Models/Animations/Player/Clips/PlayerRunRifleForward.fbx
  artifactKey: Guid(7e2a55060ea526649a3a0035182968fb) Importer(815301076,1909f56bfc062723c751e8b465ee728b)
Start importing Assets/Models/Animations/Player/Clips/PlayerRunRifleForward.fbx using Guid(7e2a55060ea526649a3a0035182968fb) Importer(815301076,1909f56bfc062723c751e8b465ee728b) (PreviewImporter)Missing types referenced from component UniversalRenderPipelineGlobalSettings on game object UniversalRenderPipelineGlobalSettings:
	UnityEngine.Rendering.GPUResidentDrawerResources, Unity.RenderPipelines.GPUDriven.Runtime (1 object)
	UnityEngine.Rendering.IncludeAdditionalRPAssets, Unity.RenderPipelines.Core.Runtime (1 object)
	UnityEngine.Rendering.LightmapSamplingSettings, Unity.RenderPipelines.Core.Runtime (1 object)
	UnityEngine.Rendering.ProbeVolumeBakingResources, Unity.RenderPipelines.Core.Runtime (1 object)
	UnityEngine.Rendering.ProbeVolumeDebugResources, Unity.RenderPipelines.Core.Runtime (1 object)
	UnityEngine.Rendering.ProbeVolumeGlobalSettings, Unity.RenderPipelines.Core.Runtime (1 object)
	UnityEngine.Rendering.ProbeVolumeRuntimeResources, Unity.RenderPipelines.Core.Runtime (1 object)
	UnityEngine.Rendering.RenderGraphGlobalSettings, Unity.RenderPipelines.Core.Runtime (1 object)
	UnityEngine.Rendering.RenderGraphModule.Util.RenderGraphUtilsResources, Unity.RenderPipelines.Core.Runtime (1 object)
	UnityEngine.Rendering.STP/RuntimeResources, Unity.RenderPipelines.Core.Runtime (1 object)
	UnityEngine.Rendering.Universal.RenderGraphSettings, Unity.RenderPipelines.Universal.Runtime (1 object)
	UnityEngine.Rendering.Universal.Renderer2DResources, Unity.RenderPipelines.Universal.Runtime (1 object)
	UnityEngine.Rendering.Universal.URPDefaultVolumeProfileSettings, Unity.RenderPipelines.Universal.Runtime (1 object)
	UnityEngine.Rendering.Universal.UniversalRenderPipelineDebugShaders, Unity.RenderPipelines.Universal.Runtime (1 object)
	UnityEngine.Rendering.Universal.UniversalRenderPipelineEditorAssets, Unity.RenderPipelines.Universal.Runtime (1 object)
	UnityEngine.Rendering.Universal.UniversalRenderPipelineEditorMaterials, Unity.RenderPipelines.Universal.Runtime (1 object)
	UnityEngine.Rendering.Universal.UniversalRenderPipelineEditorShaders, Unity.RenderPipelines.Universal.Runtime (1 object)
	UnityEngine.Rendering.Universal.UniversalRenderPipelineRuntimeShaders, Unity.RenderPipelines.Universal.Runtime (1 object)
	UnityEngine.Rendering.Universal.UniversalRenderPipelineRuntimeTextures, Unity.RenderPipelines.Universal.Runtime (1 object)
	UnityEngine.Rendering.Universal.UniversalRenderPipelineRuntimeXRResources, Unity.RenderPipelines.Universal.Runtime (1 object)
	UnityEngine.Rendering.Universal.UniversalRendererResources, Unity.RenderPipelines.Universal.Runtime (1 object)
	UnityEngine.Rendering.VrsRenderPipelineRuntimeResources, Unity.RenderPipelines.Core.Runtime (1 object)
 -> (artifact id: '1de764cf5c8a76726b9037ed012a13c3') in 0.1327647 seconds
Number of updated asset objects reloaded before import = 0Number of asset objects unloaded after import = 130

========================================================================
Received Import Request.
  Time since last request: 0.000036 seconds.
  path: Assets/Models/Enemy/_Materials/Shadowlop_MAT.mat
  artifactKey: Guid(362dbca9f51dd2c4d98c68e6d66c295e) Importer(815301076,1909f56bfc062723c751e8b465ee728b)
Start importing Assets/Models/Enemy/_Materials/Shadowlop_MAT.mat using Guid(362dbca9f51dd2c4d98c68e6d66c295e) Importer(815301076,1909f56bfc062723c751e8b465ee728b) (PreviewImporter)Missing types referenced from component UniversalRenderPipelineGlobalSettings on game object UniversalRenderPipelineGlobalSettings:
	UnityEngine.Rendering.GPUResidentDrawerResources, Unity.RenderPipelines.GPUDriven.Runtime (1 object)
	UnityEngine.Rendering.IncludeAdditionalRPAssets, Unity.RenderPipelines.Core.Runtime (1 object)
	UnityEngine.Rendering.LightmapSamplingSettings, Unity.RenderPipelines.Core.Runtime (1 object)
	UnityEngine.Rendering.ProbeVolumeBakingResources, Unity.RenderPipelines.Core.Runtime (1 object)
	UnityEngine.Rendering.ProbeVolumeDebugResources, Unity.RenderPipelines.Core.Runtime (1 object)
	UnityEngine.Rendering.ProbeVolumeGlobalSettings, Unity.RenderPipelines.Core.Runtime (1 object)
	UnityEngine.Rendering.ProbeVolumeRuntimeResources, Unity.RenderPipelines.Core.Runtime (1 object)
	UnityEngine.Rendering.RenderGraphGlobalSettings, Unity.RenderPipelines.Core.Runtime (1 object)
	UnityEngine.Rendering.RenderGraphModule.Util.RenderGraphUtilsResources, Unity.RenderPipelines.Core.Runtime (1 object)
	UnityEngine.Rendering.STP/RuntimeResources, Unity.RenderPipelines.Core.Runtime (1 object)
	UnityEngine.Rendering.Universal.RenderGraphSettings, Unity.RenderPipelines.Universal.Runtime (1 object)
	UnityEngine.Rendering.Universal.Renderer2DResources, Unity.RenderPipelines.Universal.Runtime (1 object)
	UnityEngine.Rendering.Universal.URPDefaultVolumeProfileSettings, Unity.RenderPipelines.Universal.Runtime (1 object)
	UnityEngine.Rendering.Universal.UniversalRenderPipelineDebugShaders, Unity.RenderPipelines.Universal.Runtime (1 object)
	UnityEngine.Rendering.Universal.UniversalRenderPipelineEditorAssets, Unity.RenderPipelines.Universal.Runtime (1 object)
	UnityEngine.Rendering.Universal.UniversalRenderPipelineEditorMaterials, Unity.RenderPipelines.Universal.Runtime (1 object)
	UnityEngine.Rendering.Universal.UniversalRenderPipelineEditorShaders, Unity.RenderPipelines.Universal.Runtime (1 object)
	UnityEngine.Rendering.Universal.UniversalRenderPipelineRuntimeShaders, Unity.RenderPipelines.Universal.Runtime (1 object)
	UnityEngine.Rendering.Universal.UniversalRenderPipelineRuntimeTextures, Unity.RenderPipelines.Universal.Runtime (1 object)
	UnityEngine.Rendering.Universal.UniversalRenderPipelineRuntimeXRResources, Unity.RenderPipelines.Universal.Runtime (1 object)
	UnityEngine.Rendering.Universal.UniversalRendererResources, Unity.RenderPipelines.Universal.Runtime (1 object)
	UnityEngine.Rendering.VrsRenderPipelineRuntimeResources, Unity.RenderPipelines.Core.Runtime (1 object)
 -> (artifact id: '3a1818d33ccca941648783b76ff27d05') in 0.0816429 seconds
Number of updated asset objects reloaded before import = 0Number of asset objects unloaded after import = 6

========================================================================
Received Import Request.
  Time since last request: 0.000025 seconds.
  path: Assets/Models/PickUps/AmmoBox.fbx
  artifactKey: Guid(996fee3b0e3667d47b2b0996a0b6f0ad) Importer(815301076,1909f56bfc062723c751e8b465ee728b)
Start importing Assets/Models/PickUps/AmmoBox.fbx using Guid(996fee3b0e3667d47b2b0996a0b6f0ad) Importer(815301076,1909f56bfc062723c751e8b465ee728b) (PreviewImporter)Missing types referenced from component UniversalRenderPipelineGlobalSettings on game object UniversalRenderPipelineGlobalSettings:
	UnityEngine.Rendering.GPUResidentDrawerResources, Unity.RenderPipelines.GPUDriven.Runtime (1 object)
	UnityEngine.Rendering.IncludeAdditionalRPAssets, Unity.RenderPipelines.Core.Runtime (1 object)
	UnityEngine.Rendering.LightmapSamplingSettings, Unity.RenderPipelines.Core.Runtime (1 object)
	UnityEngine.Rendering.ProbeVolumeBakingResources, Unity.RenderPipelines.Core.Runtime (1 object)
	UnityEngine.Rendering.ProbeVolumeDebugResources, Unity.RenderPipelines.Core.Runtime (1 object)
	UnityEngine.Rendering.ProbeVolumeGlobalSettings, Unity.RenderPipelines.Core.Runtime (1 object)
	UnityEngine.Rendering.ProbeVolumeRuntimeResources, Unity.RenderPipelines.Core.Runtime (1 object)
	UnityEngine.Rendering.RenderGraphGlobalSettings, Unity.RenderPipelines.Core.Runtime (1 object)
	UnityEngine.Rendering.RenderGraphModule.Util.RenderGraphUtilsResources, Unity.RenderPipelines.Core.Runtime (1 object)
	UnityEngine.Rendering.STP/RuntimeResources, Unity.RenderPipelines.Core.Runtime (1 object)
	UnityEngine.Rendering.Universal.RenderGraphSettings, Unity.RenderPipelines.Universal.Runtime (1 object)
	UnityEngine.Rendering.Universal.Renderer2DResources, Unity.RenderPipelines.Universal.Runtime (1 object)
	UnityEngine.Rendering.Universal.URPDefaultVolumeProfileSettings, Unity.RenderPipelines.Universal.Runtime (1 object)
	UnityEngine.Rendering.Universal.UniversalRenderPipelineDebugShaders, Unity.RenderPipelines.Universal.Runtime (1 object)
	UnityEngine.Rendering.Universal.UniversalRenderPipelineEditorAssets, Unity.RenderPipelines.Universal.Runtime (1 object)
	UnityEngine.Rendering.Universal.UniversalRenderPipelineEditorMaterials, Unity.RenderPipelines.Universal.Runtime (1 object)
	UnityEngine.Rendering.Universal.UniversalRenderPipelineEditorShaders, Unity.RenderPipelines.Universal.Runtime (1 object)
	UnityEngine.Rendering.Universal.UniversalRenderPipelineRuntimeShaders, Unity.RenderPipelines.Universal.Runtime (1 object)
	UnityEngine.Rendering.Universal.UniversalRenderPipelineRuntimeTextures, Unity.RenderPipelines.Universal.Runtime (1 object)
	UnityEngine.Rendering.Universal.UniversalRenderPipelineRuntimeXRResources, Unity.RenderPipelines.Universal.Runtime (1 object)
	UnityEngine.Rendering.Universal.UniversalRendererResources, Unity.RenderPipelines.Universal.Runtime (1 object)
	UnityEngine.Rendering.VrsRenderPipelineRuntimeResources, Unity.RenderPipelines.Core.Runtime (1 object)
 -> (artifact id: 'e2e24363b5782d722ee5f47b67c02cb7') in 0.1226011 seconds
Number of updated asset objects reloaded before import = 0Number of asset objects unloaded after import = 27

========================================================================
Received Import Request.
  Time since last request: 0.000039 seconds.
  path: Assets/Models/Animations/Player/Clips/PlayerJumpPistol.fbx
  artifactKey: Guid(905ee16297ba6ad4b8d4825b31e63a43) Importer(815301076,1909f56bfc062723c751e8b465ee728b)
Start importing Assets/Models/Animations/Player/Clips/PlayerJumpPistol.fbx using Guid(905ee16297ba6ad4b8d4825b31e63a43) Importer(815301076,1909f56bfc062723c751e8b465ee728b) (PreviewImporter)Missing types referenced from component UniversalRenderPipelineGlobalSettings on game object UniversalRenderPipelineGlobalSettings:
	UnityEngine.Rendering.GPUResidentDrawerResources, Unity.RenderPipelines.GPUDriven.Runtime (1 object)
	UnityEngine.Rendering.IncludeAdditionalRPAssets, Unity.RenderPipelines.Core.Runtime (1 object)
	UnityEngine.Rendering.LightmapSamplingSettings, Unity.RenderPipelines.Core.Runtime (1 object)
	UnityEngine.Rendering.ProbeVolumeBakingResources, Unity.RenderPipelines.Core.Runtime (1 object)
	UnityEngine.Rendering.ProbeVolumeDebugResources, Unity.RenderPipelines.Core.Runtime (1 object)
	UnityEngine.Rendering.ProbeVolumeGlobalSettings, Unity.RenderPipelines.Core.Runtime (1 object)
	UnityEngine.Rendering.ProbeVolumeRuntimeResources, Unity.RenderPipelines.Core.Runtime (1 object)
	UnityEngine.Rendering.RenderGraphGlobalSettings, Unity.RenderPipelines.Core.Runtime (1 object)
	UnityEngine.Rendering.RenderGraphModule.Util.RenderGraphUtilsResources, Unity.RenderPipelines.Core.Runtime (1 object)
	UnityEngine.Rendering.STP/RuntimeResources, Unity.RenderPipelines.Core.Runtime (1 object)
	UnityEngine.Rendering.Universal.RenderGraphSettings, Unity.RenderPipelines.Universal.Runtime (1 object)
	UnityEngine.Rendering.Universal.Renderer2DResources, Unity.RenderPipelines.Universal.Runtime (1 object)
	UnityEngine.Rendering.Universal.URPDefaultVolumeProfileSettings, Unity.RenderPipelines.Universal.Runtime (1 object)
	UnityEngine.Rendering.Universal.UniversalRenderPipelineDebugShaders, Unity.RenderPipelines.Universal.Runtime (1 object)
	UnityEngine.Rendering.Universal.UniversalRenderPipelineEditorAssets, Unity.RenderPipelines.Universal.Runtime (1 object)
	UnityEngine.Rendering.Universal.UniversalRenderPipelineEditorMaterials, Unity.RenderPipelines.Universal.Runtime (1 object)
	UnityEngine.Rendering.Universal.UniversalRenderPipelineEditorShaders, Unity.RenderPipelines.Universal.Runtime (1 object)
	UnityEngine.Rendering.Universal.UniversalRenderPipelineRuntimeShaders, Unity.RenderPipelines.Universal.Runtime (1 object)
	UnityEngine.Rendering.Universal.UniversalRenderPipelineRuntimeTextures, Unity.RenderPipelines.Universal.Runtime (1 object)
	UnityEngine.Rendering.Universal.UniversalRenderPipelineRuntimeXRResources, Unity.RenderPipelines.Universal.Runtime (1 object)
	UnityEngine.Rendering.Universal.UniversalRendererResources, Unity.RenderPipelines.Universal.Runtime (1 object)
	UnityEngine.Rendering.VrsRenderPipelineRuntimeResources, Unity.RenderPipelines.Core.Runtime (1 object)
 -> (artifact id: '1a13c4858ff2ee42272037fb7255827a') in 0.8264579 seconds
Number of updated asset objects reloaded before import = 0Number of asset objects unloaded after import = 130

========================================================================
Received Import Request.
  Time since last request: 0.000033 seconds.
  path: Assets/Models/World/Train.fbx
  artifactKey: Guid(15701ebae7ac4b048a8c8d98bb8eacad) Importer(815301076,1909f56bfc062723c751e8b465ee728b)
Start importing Assets/Models/World/Train.fbx using Guid(15701ebae7ac4b048a8c8d98bb8eacad) Importer(815301076,1909f56bfc062723c751e8b465ee728b) (PreviewImporter)Missing types referenced from component UniversalRenderPipelineGlobalSettings on game object UniversalRenderPipelineGlobalSettings:
	UnityEngine.Rendering.GPUResidentDrawerResources, Unity.RenderPipelines.GPUDriven.Runtime (1 object)
	UnityEngine.Rendering.IncludeAdditionalRPAssets, Unity.RenderPipelines.Core.Runtime (1 object)
	UnityEngine.Rendering.LightmapSamplingSettings, Unity.RenderPipelines.Core.Runtime (1 object)
	UnityEngine.Rendering.ProbeVolumeBakingResources, Unity.RenderPipelines.Core.Runtime (1 object)
	UnityEngine.Rendering.ProbeVolumeDebugResources, Unity.RenderPipelines.Core.Runtime (1 object)
	UnityEngine.Rendering.ProbeVolumeGlobalSettings, Unity.RenderPipelines.Core.Runtime (1 object)
	UnityEngine.Rendering.ProbeVolumeRuntimeResources, Unity.RenderPipelines.Core.Runtime (1 object)
	UnityEngine.Rendering.RenderGraphGlobalSettings, Unity.RenderPipelines.Core.Runtime (1 object)
	UnityEngine.Rendering.RenderGraphModule.Util.RenderGraphUtilsResources, Unity.RenderPipelines.Core.Runtime (1 object)
	UnityEngine.Rendering.STP/RuntimeResources, Unity.RenderPipelines.Core.Runtime (1 object)
	UnityEngine.Rendering.Universal.RenderGraphSettings, Unity.RenderPipelines.Universal.Runtime (1 object)
	UnityEngine.Rendering.Universal.Renderer2DResources, Unity.RenderPipelines.Universal.Runtime (1 object)
	UnityEngine.Rendering.Universal.URPDefaultVolumeProfileSettings, Unity.RenderPipelines.Universal.Runtime (1 object)
	UnityEngine.Rendering.Universal.UniversalRenderPipelineDebugShaders, Unity.RenderPipelines.Universal.Runtime (1 object)
	UnityEngine.Rendering.Universal.UniversalRenderPipelineEditorAssets, Unity.RenderPipelines.Universal.Runtime (1 object)
	UnityEngine.Rendering.Universal.UniversalRenderPipelineEditorMaterials, Unity.RenderPipelines.Universal.Runtime (1 object)
	UnityEngine.Rendering.Universal.UniversalRenderPipelineEditorShaders, Unity.RenderPipelines.Universal.Runtime (1 object)
	UnityEngine.Rendering.Universal.UniversalRenderPipelineRuntimeShaders, Unity.RenderPipelines.Universal.Runtime (1 object)
	UnityEngine.Rendering.Universal.UniversalRenderPipelineRuntimeTextures, Unity.RenderPipelines.Universal.Runtime (1 object)
	UnityEngine.Rendering.Universal.UniversalRenderPipelineRuntimeXRResources, Unity.RenderPipelines.Universal.Runtime (1 object)
	UnityEngine.Rendering.Universal.UniversalRendererResources, Unity.RenderPipelines.Universal.Runtime (1 object)
	UnityEngine.Rendering.VrsRenderPipelineRuntimeResources, Unity.RenderPipelines.Core.Runtime (1 object)
 -> (artifact id: 'eebb2d92ec93a6bedbf2bc28bd2aaaf6') in 0.1455495 seconds
Number of updated asset objects reloaded before import = 0Number of asset objects unloaded after import = 67

========================================================================
Received Import Request.
  Time since last request: 0.000025 seconds.
  path: Assets/Other/TextMesh Pro/Examples & Extras/Resources/Fonts & Materials/Roboto-Bold SDF - HDRP Unlit.mat
  artifactKey: Guid(2ddca8f46aa0838419d568affb0ca6b4) Importer(815301076,1909f56bfc062723c751e8b465ee728b)
Start importing Assets/Other/TextMesh Pro/Examples & Extras/Resources/Fonts & Materials/Roboto-Bold SDF - HDRP Unlit.mat using Guid(2ddca8f46aa0838419d568affb0ca6b4) Importer(815301076,1909f56bfc062723c751e8b465ee728b) (PreviewImporter)Missing types referenced from component UniversalRenderPipelineGlobalSettings on game object UniversalRenderPipelineGlobalSettings:
	UnityEngine.Rendering.GPUResidentDrawerResources, Unity.RenderPipelines.GPUDriven.Runtime (1 object)
	UnityEngine.Rendering.IncludeAdditionalRPAssets, Unity.RenderPipelines.Core.Runtime (1 object)
	UnityEngine.Rendering.LightmapSamplingSettings, Unity.RenderPipelines.Core.Runtime (1 object)
	UnityEngine.Rendering.ProbeVolumeBakingResources, Unity.RenderPipelines.Core.Runtime (1 object)
	UnityEngine.Rendering.ProbeVolumeDebugResources, Unity.RenderPipelines.Core.Runtime (1 object)
	UnityEngine.Rendering.ProbeVolumeGlobalSettings, Unity.RenderPipelines.Core.Runtime (1 object)
	UnityEngine.Rendering.ProbeVolumeRuntimeResources, Unity.RenderPipelines.Core.Runtime (1 object)
	UnityEngine.Rendering.RenderGraphGlobalSettings, Unity.RenderPipelines.Core.Runtime (1 object)
	UnityEngine.Rendering.RenderGraphModule.Util.RenderGraphUtilsResources, Unity.RenderPipelines.Core.Runtime (1 object)
	UnityEngine.Rendering.STP/RuntimeResources, Unity.RenderPipelines.Core.Runtime (1 object)
	UnityEngine.Rendering.Universal.RenderGraphSettings, Unity.RenderPipelines.Universal.Runtime (1 object)
	UnityEngine.Rendering.Universal.Renderer2DResources, Unity.RenderPipelines.Universal.Runtime (1 object)
	UnityEngine.Rendering.Universal.URPDefaultVolumeProfileSettings, Unity.RenderPipelines.Universal.Runtime (1 object)
	UnityEngine.Rendering.Universal.UniversalRenderPipelineDebugShaders, Unity.RenderPipelines.Universal.Runtime (1 object)
	UnityEngine.Rendering.Universal.UniversalRenderPipelineEditorAssets, Unity.RenderPipelines.Universal.Runtime (1 object)
	UnityEngine.Rendering.Universal.UniversalRenderPipelineEditorMaterials, Unity.RenderPipelines.Universal.Runtime (1 object)
	UnityEngine.Rendering.Universal.UniversalRenderPipelineEditorShaders, Unity.RenderPipelines.Universal.Runtime (1 object)
	UnityEngine.Rendering.Universal.UniversalRenderPipelineRuntimeShaders, Unity.RenderPipelines.Universal.Runtime (1 object)
	UnityEngine.Rendering.Universal.UniversalRenderPipelineRuntimeTextures, Unity.RenderPipelines.Universal.Runtime (1 object)
	UnityEngine.Rendering.Universal.UniversalRenderPipelineRuntimeXRResources, Unity.RenderPipelines.Universal.Runtime (1 object)
	UnityEngine.Rendering.Universal.UniversalRendererResources, Unity.RenderPipelines.Universal.Runtime (1 object)
	UnityEngine.Rendering.VrsRenderPipelineRuntimeResources, Unity.RenderPipelines.Core.Runtime (1 object)
 -> (artifact id: '3cdb82025ec5cc5aa1ebae6db82cf903') in 0.0661631 seconds
Number of updated asset objects reloaded before import = 0Number of asset objects unloaded after import = 5

========================================================================
Received Import Request.
  Time since last request: 0.000029 seconds.
  path: Assets/Mirza Beig/Cinematic Explosions FREE/Materials/Demo/Spark.mat
  artifactKey: Guid(30dec4072c071704097e9f3d3da62bd1) Importer(815301076,1909f56bfc062723c751e8b465ee728b)
Start importing Assets/Mirza Beig/Cinematic Explosions FREE/Materials/Demo/Spark.mat using Guid(30dec4072c071704097e9f3d3da62bd1) Importer(815301076,1909f56bfc062723c751e8b465ee728b) (PreviewImporter)Missing types referenced from component UniversalRenderPipelineGlobalSettings on game object UniversalRenderPipelineGlobalSettings:
	UnityEngine.Rendering.GPUResidentDrawerResources, Unity.RenderPipelines.GPUDriven.Runtime (1 object)
	UnityEngine.Rendering.IncludeAdditionalRPAssets, Unity.RenderPipelines.Core.Runtime (1 object)
	UnityEngine.Rendering.LightmapSamplingSettings, Unity.RenderPipelines.Core.Runtime (1 object)
	UnityEngine.Rendering.ProbeVolumeBakingResources, Unity.RenderPipelines.Core.Runtime (1 object)
	UnityEngine.Rendering.ProbeVolumeDebugResources, Unity.RenderPipelines.Core.Runtime (1 object)
	UnityEngine.Rendering.ProbeVolumeGlobalSettings, Unity.RenderPipelines.Core.Runtime (1 object)
	UnityEngine.Rendering.ProbeVolumeRuntimeResources, Unity.RenderPipelines.Core.Runtime (1 object)
	UnityEngine.Rendering.RenderGraphGlobalSettings, Unity.RenderPipelines.Core.Runtime (1 object)
	UnityEngine.Rendering.RenderGraphModule.Util.RenderGraphUtilsResources, Unity.RenderPipelines.Core.Runtime (1 object)
	UnityEngine.Rendering.STP/RuntimeResources, Unity.RenderPipelines.Core.Runtime (1 object)
	UnityEngine.Rendering.Universal.RenderGraphSettings, Unity.RenderPipelines.Universal.Runtime (1 object)
	UnityEngine.Rendering.Universal.Renderer2DResources, Unity.RenderPipelines.Universal.Runtime (1 object)
	UnityEngine.Rendering.Universal.URPDefaultVolumeProfileSettings, Unity.RenderPipelines.Universal.Runtime (1 object)
	UnityEngine.Rendering.Universal.UniversalRenderPipelineDebugShaders, Unity.RenderPipelines.Universal.Runtime (1 object)
	UnityEngine.Rendering.Universal.UniversalRenderPipelineEditorAssets, Unity.RenderPipelines.Universal.Runtime (1 object)
	UnityEngine.Rendering.Universal.UniversalRenderPipelineEditorMaterials, Unity.RenderPipelines.Universal.Runtime (1 object)
	UnityEngine.Rendering.Universal.UniversalRenderPipelineEditorShaders, Unity.RenderPipelines.Universal.Runtime (1 object)
	UnityEngine.Rendering.Universal.UniversalRenderPipelineRuntimeShaders, Unity.RenderPipelines.Universal.Runtime (1 object)
	UnityEngine.Rendering.Universal.UniversalRenderPipelineRuntimeTextures, Unity.RenderPipelines.Universal.Runtime (1 object)
	UnityEngine.Rendering.Universal.UniversalRenderPipelineRuntimeXRResources, Unity.RenderPipelines.Universal.Runtime (1 object)
	UnityEngine.Rendering.Universal.UniversalRendererResources, Unity.RenderPipelines.Universal.Runtime (1 object)
	UnityEngine.Rendering.VrsRenderPipelineRuntimeResources, Unity.RenderPipelines.Core.Runtime (1 object)
 -> (artifact id: 'c10f909f641feef70b43bd127de57c9f') in 0.1226497 seconds
Number of updated asset objects reloaded before import = 0Number of asset objects unloaded after import = 2

========================================================================
Received Import Request.
  Time since last request: 0.000039 seconds.
  path: Assets/Models/World/Toy.fbx
  artifactKey: Guid(22ed7d2366b9dcf47b57abac1564bfc7) Importer(815301076,1909f56bfc062723c751e8b465ee728b)
Start importing Assets/Models/World/Toy.fbx using Guid(22ed7d2366b9dcf47b57abac1564bfc7) Importer(815301076,1909f56bfc062723c751e8b465ee728b) (PreviewImporter)Missing types referenced from component UniversalRenderPipelineGlobalSettings on game object UniversalRenderPipelineGlobalSettings:
	UnityEngine.Rendering.GPUResidentDrawerResources, Unity.RenderPipelines.GPUDriven.Runtime (1 object)
	UnityEngine.Rendering.IncludeAdditionalRPAssets, Unity.RenderPipelines.Core.Runtime (1 object)
	UnityEngine.Rendering.LightmapSamplingSettings, Unity.RenderPipelines.Core.Runtime (1 object)
	UnityEngine.Rendering.ProbeVolumeBakingResources, Unity.RenderPipelines.Core.Runtime (1 object)
	UnityEngine.Rendering.ProbeVolumeDebugResources, Unity.RenderPipelines.Core.Runtime (1 object)
	UnityEngine.Rendering.ProbeVolumeGlobalSettings, Unity.RenderPipelines.Core.Runtime (1 object)
	UnityEngine.Rendering.ProbeVolumeRuntimeResources, Unity.RenderPipelines.Core.Runtime (1 object)
	UnityEngine.Rendering.RenderGraphGlobalSettings, Unity.RenderPipelines.Core.Runtime (1 object)
	UnityEngine.Rendering.RenderGraphModule.Util.RenderGraphUtilsResources, Unity.RenderPipelines.Core.Runtime (1 object)
	UnityEngine.Rendering.STP/RuntimeResources, Unity.RenderPipelines.Core.Runtime (1 object)
	UnityEngine.Rendering.Universal.RenderGraphSettings, Unity.RenderPipelines.Universal.Runtime (1 object)
	UnityEngine.Rendering.Universal.Renderer2DResources, Unity.RenderPipelines.Universal.Runtime (1 object)
	UnityEngine.Rendering.Universal.URPDefaultVolumeProfileSettings, Unity.RenderPipelines.Universal.Runtime (1 object)
	UnityEngine.Rendering.Universal.UniversalRenderPipelineDebugShaders, Unity.RenderPipelines.Universal.Runtime (1 object)
	UnityEngine.Rendering.Universal.UniversalRenderPipelineEditorAssets, Unity.RenderPipelines.Universal.Runtime (1 object)
	UnityEngine.Rendering.Universal.UniversalRenderPipelineEditorMaterials, Unity.RenderPipelines.Universal.Runtime (1 object)
	UnityEngine.Rendering.Universal.UniversalRenderPipelineEditorShaders, Unity.RenderPipelines.Universal.Runtime (1 object)
	UnityEngine.Rendering.Universal.UniversalRenderPipelineRuntimeShaders, Unity.RenderPipelines.Universal.Runtime (1 object)
	UnityEngine.Rendering.Universal.UniversalRenderPipelineRuntimeTextures, Unity.RenderPipelines.Universal.Runtime (1 object)
	UnityEngine.Rendering.Universal.UniversalRenderPipelineRuntimeXRResources, Unity.RenderPipelines.Universal.Runtime (1 object)
	UnityEngine.Rendering.Universal.UniversalRendererResources, Unity.RenderPipelines.Universal.Runtime (1 object)
	UnityEngine.Rendering.VrsRenderPipelineRuntimeResources, Unity.RenderPipelines.Core.Runtime (1 object)
 -> (artifact id: '0650981c6c1b87209c9f1d4c415ec538') in 0.0657757 seconds
Number of updated asset objects reloaded before import = 0Number of asset objects unloaded after import = 34

========================================================================
Received Import Request.
  Time since last request: 0.000028 seconds.
  path: Assets/Models/World/Mesa1.fbx
  artifactKey: Guid(33ceff2cbcc62ad4c8f56e01464aa528) Importer(815301076,1909f56bfc062723c751e8b465ee728b)
Start importing Assets/Models/World/Mesa1.fbx using Guid(33ceff2cbcc62ad4c8f56e01464aa528) Importer(815301076,1909f56bfc062723c751e8b465ee728b) (PreviewImporter)Missing types referenced from component UniversalRenderPipelineGlobalSettings on game object UniversalRenderPipelineGlobalSettings:
	UnityEngine.Rendering.GPUResidentDrawerResources, Unity.RenderPipelines.GPUDriven.Runtime (1 object)
	UnityEngine.Rendering.IncludeAdditionalRPAssets, Unity.RenderPipelines.Core.Runtime (1 object)
	UnityEngine.Rendering.LightmapSamplingSettings, Unity.RenderPipelines.Core.Runtime (1 object)
	UnityEngine.Rendering.ProbeVolumeBakingResources, Unity.RenderPipelines.Core.Runtime (1 object)
	UnityEngine.Rendering.ProbeVolumeDebugResources, Unity.RenderPipelines.Core.Runtime (1 object)
	UnityEngine.Rendering.ProbeVolumeGlobalSettings, Unity.RenderPipelines.Core.Runtime (1 object)
	UnityEngine.Rendering.ProbeVolumeRuntimeResources, Unity.RenderPipelines.Core.Runtime (1 object)
	UnityEngine.Rendering.RenderGraphGlobalSettings, Unity.RenderPipelines.Core.Runtime (1 object)
	UnityEngine.Rendering.RenderGraphModule.Util.RenderGraphUtilsResources, Unity.RenderPipelines.Core.Runtime (1 object)
	UnityEngine.Rendering.STP/RuntimeResources, Unity.RenderPipelines.Core.Runtime (1 object)
	UnityEngine.Rendering.Universal.RenderGraphSettings, Unity.RenderPipelines.Universal.Runtime (1 object)
	UnityEngine.Rendering.Universal.Renderer2DResources, Unity.RenderPipelines.Universal.Runtime (1 object)
	UnityEngine.Rendering.Universal.URPDefaultVolumeProfileSettings, Unity.RenderPipelines.Universal.Runtime (1 object)
	UnityEngine.Rendering.Universal.UniversalRenderPipelineDebugShaders, Unity.RenderPipelines.Universal.Runtime (1 object)
	UnityEngine.Rendering.Universal.UniversalRenderPipelineEditorAssets, Unity.RenderPipelines.Universal.Runtime (1 object)
	UnityEngine.Rendering.Universal.UniversalRenderPipelineEditorMaterials, Unity.RenderPipelines.Universal.Runtime (1 object)
	UnityEngine.Rendering.Universal.UniversalRenderPipelineEditorShaders, Unity.RenderPipelines.Universal.Runtime (1 object)
	UnityEngine.Rendering.Universal.UniversalRenderPipelineRuntimeShaders, Unity.RenderPipelines.Universal.Runtime (1 object)
	UnityEngine.Rendering.Universal.UniversalRenderPipelineRuntimeTextures, Unity.RenderPipelines.Universal.Runtime (1 object)
	UnityEngine.Rendering.Universal.UniversalRenderPipelineRuntimeXRResources, Unity.RenderPipelines.Universal.Runtime (1 object)
	UnityEngine.Rendering.Universal.UniversalRendererResources, Unity.RenderPipelines.Universal.Runtime (1 object)
	UnityEngine.Rendering.VrsRenderPipelineRuntimeResources, Unity.RenderPipelines.Core.Runtime (1 object)
 -> (artifact id: '1e44842413d902cfc4505a24bf729bba') in 0.4560134 seconds
Number of updated asset objects reloaded before import = 0Number of asset objects unloaded after import = 32

========================================================================
Received Import Request.
  Time since last request: 0.000034 seconds.
  path: Assets/Other/TextMesh Pro/Examples & Extras/Resources/Fonts & Materials/Roboto-Bold SDF.asset
  artifactKey: Guid(5302535af1044152a457ed104f1f4b91) Importer(815301076,1909f56bfc062723c751e8b465ee728b)
Start importing Assets/Other/TextMesh Pro/Examples & Extras/Resources/Fonts & Materials/Roboto-Bold SDF.asset using Guid(5302535af1044152a457ed104f1f4b91) Importer(815301076,1909f56bfc062723c751e8b465ee728b) (PreviewImporter)Missing types referenced from component UniversalRenderPipelineGlobalSettings on game object UniversalRenderPipelineGlobalSettings:
	UnityEngine.Rendering.GPUResidentDrawerResources, Unity.RenderPipelines.GPUDriven.Runtime (1 object)
	UnityEngine.Rendering.IncludeAdditionalRPAssets, Unity.RenderPipelines.Core.Runtime (1 object)
	UnityEngine.Rendering.LightmapSamplingSettings, Unity.RenderPipelines.Core.Runtime (1 object)
	UnityEngine.Rendering.ProbeVolumeBakingResources, Unity.RenderPipelines.Core.Runtime (1 object)
	UnityEngine.Rendering.ProbeVolumeDebugResources, Unity.RenderPipelines.Core.Runtime (1 object)
	UnityEngine.Rendering.ProbeVolumeGlobalSettings, Unity.RenderPipelines.Core.Runtime (1 object)
	UnityEngine.Rendering.ProbeVolumeRuntimeResources, Unity.RenderPipelines.Core.Runtime (1 object)
	UnityEngine.Rendering.RenderGraphGlobalSettings, Unity.RenderPipelines.Core.Runtime (1 object)
	UnityEngine.Rendering.RenderGraphModule.Util.RenderGraphUtilsResources, Unity.RenderPipelines.Core.Runtime (1 object)
	UnityEngine.Rendering.STP/RuntimeResources, Unity.RenderPipelines.Core.Runtime (1 object)
	UnityEngine.Rendering.Universal.RenderGraphSettings, Unity.RenderPipelines.Universal.Runtime (1 object)
	UnityEngine.Rendering.Universal.Renderer2DResources, Unity.RenderPipelines.Universal.Runtime (1 object)
	UnityEngine.Rendering.Universal.URPDefaultVolumeProfileSettings, Unity.RenderPipelines.Universal.Runtime (1 object)
	UnityEngine.Rendering.Universal.UniversalRenderPipelineDebugShaders, Unity.RenderPipelines.Universal.Runtime (1 object)
	UnityEngine.Rendering.Universal.UniversalRenderPipelineEditorAssets, Unity.RenderPipelines.Universal.Runtime (1 object)
	UnityEngine.Rendering.Universal.UniversalRenderPipelineEditorMaterials, Unity.RenderPipelines.Universal.Runtime (1 object)
	UnityEngine.Rendering.Universal.UniversalRenderPipelineEditorShaders, Unity.RenderPipelines.Universal.Runtime (1 object)
	UnityEngine.Rendering.Universal.UniversalRenderPipelineRuntimeShaders, Unity.RenderPipelines.Universal.Runtime (1 object)
	UnityEngine.Rendering.Universal.UniversalRenderPipelineRuntimeTextures, Unity.RenderPipelines.Universal.Runtime (1 object)
	UnityEngine.Rendering.Universal.UniversalRenderPipelineRuntimeXRResources, Unity.RenderPipelines.Universal.Runtime (1 object)
	UnityEngine.Rendering.Universal.UniversalRendererResources, Unity.RenderPipelines.Universal.Runtime (1 object)
	UnityEngine.Rendering.VrsRenderPipelineRuntimeResources, Unity.RenderPipelines.Core.Runtime (1 object)
 -> (artifact id: '2e2959a300b1ff8fbe873fe18b832896') in 0.0830794 seconds
Number of updated asset objects reloaded before import = 0Number of asset objects unloaded after import = 7

========================================================================
Received Import Request.
  Time since last request: 0.000054 seconds.
  path: Assets/Models/Animations/Player/Clips/PlayerWalkRifleForward.fbx
  artifactKey: Guid(32e35d9a6d3e8754b8b021e4b94fee66) Importer(815301076,1909f56bfc062723c751e8b465ee728b)
Start importing Assets/Models/Animations/Player/Clips/PlayerWalkRifleForward.fbx using Guid(32e35d9a6d3e8754b8b021e4b94fee66) Importer(815301076,1909f56bfc062723c751e8b465ee728b) (PreviewImporter)Missing types referenced from component UniversalRenderPipelineGlobalSettings on game object UniversalRenderPipelineGlobalSettings:
	UnityEngine.Rendering.GPUResidentDrawerResources, Unity.RenderPipelines.GPUDriven.Runtime (1 object)
	UnityEngine.Rendering.IncludeAdditionalRPAssets, Unity.RenderPipelines.Core.Runtime (1 object)
	UnityEngine.Rendering.LightmapSamplingSettings, Unity.RenderPipelines.Core.Runtime (1 object)
	UnityEngine.Rendering.ProbeVolumeBakingResources, Unity.RenderPipelines.Core.Runtime (1 object)
	UnityEngine.Rendering.ProbeVolumeDebugResources, Unity.RenderPipelines.Core.Runtime (1 object)
	UnityEngine.Rendering.ProbeVolumeGlobalSettings, Unity.RenderPipelines.Core.Runtime (1 object)
	UnityEngine.Rendering.ProbeVolumeRuntimeResources, Unity.RenderPipelines.Core.Runtime (1 object)
	UnityEngine.Rendering.RenderGraphGlobalSettings, Unity.RenderPipelines.Core.Runtime (1 object)
	UnityEngine.Rendering.RenderGraphModule.Util.RenderGraphUtilsResources, Unity.RenderPipelines.Core.Runtime (1 object)
	UnityEngine.Rendering.STP/RuntimeResources, Unity.RenderPipelines.Core.Runtime (1 object)
	UnityEngine.Rendering.Universal.RenderGraphSettings, Unity.RenderPipelines.Universal.Runtime (1 object)
	UnityEngine.Rendering.Universal.Renderer2DResources, Unity.RenderPipelines.Universal.Runtime (1 object)
	UnityEngine.Rendering.Universal.URPDefaultVolumeProfileSettings, Unity.RenderPipelines.Universal.Runtime (1 object)
	UnityEngine.Rendering.Universal.UniversalRenderPipelineDebugShaders, Unity.RenderPipelines.Universal.Runtime (1 object)
	UnityEngine.Rendering.Universal.UniversalRenderPipelineEditorAssets, Unity.RenderPipelines.Universal.Runtime (1 object)
	UnityEngine.Rendering.Universal.UniversalRenderPipelineEditorMaterials, Unity.RenderPipelines.Universal.Runtime (1 object)
	UnityEngine.Rendering.Universal.UniversalRenderPipelineEditorShaders, Unity.RenderPipelines.Universal.Runtime (1 object)
	UnityEngine.Rendering.Universal.UniversalRenderPipelineRuntimeShaders, Unity.RenderPipelines.Universal.Runtime (1 object)
	UnityEngine.Rendering.Universal.UniversalRenderPipelineRuntimeTextures, Unity.RenderPipelines.Universal.Runtime (1 object)
	UnityEngine.Rendering.Universal.UniversalRenderPipelineRuntimeXRResources, Unity.RenderPipelines.Universal.Runtime (1 object)
	UnityEngine.Rendering.Universal.UniversalRendererResources, Unity.RenderPipelines.Universal.Runtime (1 object)
	UnityEngine.Rendering.VrsRenderPipelineRuntimeResources, Unity.RenderPipelines.Core.Runtime (1 object)
 -> (artifact id: '7de46d4b4e7b188fc5128e3b9e6822ed') in 0.1761164 seconds
Number of updated asset objects reloaded before import = 0Number of asset objects unloaded after import = 130

========================================================================
Received Import Request.
  Time since last request: 0.000027 seconds.
  path: Assets/Other/TextMesh Pro/Shaders/TMP_SDF-URP Lit.shadergraph
  artifactKey: Guid(a3d800b099a06e0478fb790c5e79057a) Importer(815301076,1909f56bfc062723c751e8b465ee728b)
Start importing Assets/Other/TextMesh Pro/Shaders/TMP_SDF-URP Lit.shadergraph using Guid(a3d800b099a06e0478fb790c5e79057a) Importer(815301076,1909f56bfc062723c751e8b465ee728b) (PreviewImporter)Missing types referenced from component UniversalRenderPipelineGlobalSettings on game object UniversalRenderPipelineGlobalSettings:
	UnityEngine.Rendering.GPUResidentDrawerResources, Unity.RenderPipelines.GPUDriven.Runtime (1 object)
	UnityEngine.Rendering.IncludeAdditionalRPAssets, Unity.RenderPipelines.Core.Runtime (1 object)
	UnityEngine.Rendering.LightmapSamplingSettings, Unity.RenderPipelines.Core.Runtime (1 object)
	UnityEngine.Rendering.ProbeVolumeBakingResources, Unity.RenderPipelines.Core.Runtime (1 object)
	UnityEngine.Rendering.ProbeVolumeDebugResources, Unity.RenderPipelines.Core.Runtime (1 object)
	UnityEngine.Rendering.ProbeVolumeGlobalSettings, Unity.RenderPipelines.Core.Runtime (1 object)
	UnityEngine.Rendering.ProbeVolumeRuntimeResources, Unity.RenderPipelines.Core.Runtime (1 object)
	UnityEngine.Rendering.RenderGraphGlobalSettings, Unity.RenderPipelines.Core.Runtime (1 object)
	UnityEngine.Rendering.RenderGraphModule.Util.RenderGraphUtilsResources, Unity.RenderPipelines.Core.Runtime (1 object)
	UnityEngine.Rendering.STP/RuntimeResources, Unity.RenderPipelines.Core.Runtime (1 object)
	UnityEngine.Rendering.Universal.RenderGraphSettings, Unity.RenderPipelines.Universal.Runtime (1 object)
	UnityEngine.Rendering.Universal.Renderer2DResources, Unity.RenderPipelines.Universal.Runtime (1 object)
	UnityEngine.Rendering.Universal.URPDefaultVolumeProfileSettings, Unity.RenderPipelines.Universal.Runtime (1 object)
	UnityEngine.Rendering.Universal.UniversalRenderPipelineDebugShaders, Unity.RenderPipelines.Universal.Runtime (1 object)
	UnityEngine.Rendering.Universal.UniversalRenderPipelineEditorAssets, Unity.RenderPipelines.Universal.Runtime (1 object)
	UnityEngine.Rendering.Universal.UniversalRenderPipelineEditorMaterials, Unity.RenderPipelines.Universal.Runtime (1 object)
	UnityEngine.Rendering.Universal.UniversalRenderPipelineEditorShaders, Unity.RenderPipelines.Universal.Runtime (1 object)
	UnityEngine.Rendering.Universal.UniversalRenderPipelineRuntimeShaders, Unity.RenderPipelines.Universal.Runtime (1 object)
	UnityEngine.Rendering.Universal.UniversalRenderPipelineRuntimeTextures, Unity.RenderPipelines.Universal.Runtime (1 object)
	UnityEngine.Rendering.Universal.UniversalRenderPipelineRuntimeXRResources, Unity.RenderPipelines.Universal.Runtime (1 object)
	UnityEngine.Rendering.Universal.UniversalRendererResources, Unity.RenderPipelines.Universal.Runtime (1 object)
	UnityEngine.Rendering.VrsRenderPipelineRuntimeResources, Unity.RenderPipelines.Core.Runtime (1 object)
 -> (artifact id: '6d24adba8b57422c398f93fe4639c733') in 0.110545 seconds
Number of updated asset objects reloaded before import = 0Number of asset objects unloaded after import = 4

========================================================================
Received Import Request.
  Time since last request: 0.000053 seconds.
  path: Assets/Other/TextMesh Pro/Examples & Extras/Resources/Fonts & Materials/Unity SDF - HDRP LIT - Bloom.mat
  artifactKey: Guid(8d176c01131de8f46ad61094e29d79b2) Importer(815301076,1909f56bfc062723c751e8b465ee728b)
Start importing Assets/Other/TextMesh Pro/Examples & Extras/Resources/Fonts & Materials/Unity SDF - HDRP LIT - Bloom.mat using Guid(8d176c01131de8f46ad61094e29d79b2) Importer(815301076,1909f56bfc062723c751e8b465ee728b) (PreviewImporter)Missing types referenced from component UniversalRenderPipelineGlobalSettings on game object UniversalRenderPipelineGlobalSettings:
	UnityEngine.Rendering.GPUResidentDrawerResources, Unity.RenderPipelines.GPUDriven.Runtime (1 object)
	UnityEngine.Rendering.IncludeAdditionalRPAssets, Unity.RenderPipelines.Core.Runtime (1 object)
	UnityEngine.Rendering.LightmapSamplingSettings, Unity.RenderPipelines.Core.Runtime (1 object)
	UnityEngine.Rendering.ProbeVolumeBakingResources, Unity.RenderPipelines.Core.Runtime (1 object)
	UnityEngine.Rendering.ProbeVolumeDebugResources, Unity.RenderPipelines.Core.Runtime (1 object)
	UnityEngine.Rendering.ProbeVolumeGlobalSettings, Unity.RenderPipelines.Core.Runtime (1 object)
	UnityEngine.Rendering.ProbeVolumeRuntimeResources, Unity.RenderPipelines.Core.Runtime (1 object)
	UnityEngine.Rendering.RenderGraphGlobalSettings, Unity.RenderPipelines.Core.Runtime (1 object)
	UnityEngine.Rendering.RenderGraphModule.Util.RenderGraphUtilsResources, Unity.RenderPipelines.Core.Runtime (1 object)
	UnityEngine.Rendering.STP/RuntimeResources, Unity.RenderPipelines.Core.Runtime (1 object)
	UnityEngine.Rendering.Universal.RenderGraphSettings, Unity.RenderPipelines.Universal.Runtime (1 object)
	UnityEngine.Rendering.Universal.Renderer2DResources, Unity.RenderPipelines.Universal.Runtime (1 object)
	UnityEngine.Rendering.Universal.URPDefaultVolumeProfileSettings, Unity.RenderPipelines.Universal.Runtime (1 object)
	UnityEngine.Rendering.Universal.UniversalRenderPipelineDebugShaders, Unity.RenderPipelines.Universal.Runtime (1 object)
	UnityEngine.Rendering.Universal.UniversalRenderPipelineEditorAssets, Unity.RenderPipelines.Universal.Runtime (1 object)
	UnityEngine.Rendering.Universal.UniversalRenderPipelineEditorMaterials, Unity.RenderPipelines.Universal.Runtime (1 object)
	UnityEngine.Rendering.Universal.UniversalRenderPipelineEditorShaders, Unity.RenderPipelines.Universal.Runtime (1 object)
	UnityEngine.Rendering.Universal.UniversalRenderPipelineRuntimeShaders, Unity.RenderPipelines.Universal.Runtime (1 object)
	UnityEngine.Rendering.Universal.UniversalRenderPipelineRuntimeTextures, Unity.RenderPipelines.Universal.Runtime (1 object)
	UnityEngine.Rendering.Universal.UniversalRenderPipelineRuntimeXRResources, Unity.RenderPipelines.Universal.Runtime (1 object)
	UnityEngine.Rendering.Universal.UniversalRendererResources, Unity.RenderPipelines.Universal.Runtime (1 object)
	UnityEngine.Rendering.VrsRenderPipelineRuntimeResources, Unity.RenderPipelines.Core.Runtime (1 object)
 -> (artifact id: '0855dbd0e7a7a4614a8ea19e4f4adae9') in 0.0271334 seconds
Number of updated asset objects reloaded before import = 0Number of asset objects unloaded after import = 4

========================================================================
Received Import Request.
  Time since last request: 0.000027 seconds.
  path: Assets/Models/PickUps/IceAmmo.fbx
  artifactKey: Guid(02722994986b14142a2da7c93a3a5c79) Importer(815301076,1909f56bfc062723c751e8b465ee728b)
Start importing Assets/Models/PickUps/IceAmmo.fbx using Guid(02722994986b14142a2da7c93a3a5c79) Importer(815301076,1909f56bfc062723c751e8b465ee728b) (PreviewImporter)Missing types referenced from component UniversalRenderPipelineGlobalSettings on game object UniversalRenderPipelineGlobalSettings:
	UnityEngine.Rendering.GPUResidentDrawerResources, Unity.RenderPipelines.GPUDriven.Runtime (1 object)
	UnityEngine.Rendering.IncludeAdditionalRPAssets, Unity.RenderPipelines.Core.Runtime (1 object)
	UnityEngine.Rendering.LightmapSamplingSettings, Unity.RenderPipelines.Core.Runtime (1 object)
	UnityEngine.Rendering.ProbeVolumeBakingResources, Unity.RenderPipelines.Core.Runtime (1 object)
	UnityEngine.Rendering.ProbeVolumeDebugResources, Unity.RenderPipelines.Core.Runtime (1 object)
	UnityEngine.Rendering.ProbeVolumeGlobalSettings, Unity.RenderPipelines.Core.Runtime (1 object)
	UnityEngine.Rendering.ProbeVolumeRuntimeResources, Unity.RenderPipelines.Core.Runtime (1 object)
	UnityEngine.Rendering.RenderGraphGlobalSettings, Unity.RenderPipelines.Core.Runtime (1 object)
	UnityEngine.Rendering.RenderGraphModule.Util.RenderGraphUtilsResources, Unity.RenderPipelines.Core.Runtime (1 object)
	UnityEngine.Rendering.STP/RuntimeResources, Unity.RenderPipelines.Core.Runtime (1 object)
	UnityEngine.Rendering.Universal.RenderGraphSettings, Unity.RenderPipelines.Universal.Runtime (1 object)
	UnityEngine.Rendering.Universal.Renderer2DResources, Unity.RenderPipelines.Universal.Runtime (1 object)
	UnityEngine.Rendering.Universal.URPDefaultVolumeProfileSettings, Unity.RenderPipelines.Universal.Runtime (1 object)
	UnityEngine.Rendering.Universal.UniversalRenderPipelineDebugShaders, Unity.RenderPipelines.Universal.Runtime (1 object)
	UnityEngine.Rendering.Universal.UniversalRenderPipelineEditorAssets, Unity.RenderPipelines.Universal.Runtime (1 object)
	UnityEngine.Rendering.Universal.UniversalRenderPipelineEditorMaterials, Unity.RenderPipelines.Universal.Runtime (1 object)
	UnityEngine.Rendering.Universal.UniversalRenderPipelineEditorShaders, Unity.RenderPipelines.Universal.Runtime (1 object)
	UnityEngine.Rendering.Universal.UniversalRenderPipelineRuntimeShaders, Unity.RenderPipelines.Universal.Runtime (1 object)
	UnityEngine.Rendering.Universal.UniversalRenderPipelineRuntimeTextures, Unity.RenderPipelines.Universal.Runtime (1 object)
	UnityEngine.Rendering.Universal.UniversalRenderPipelineRuntimeXRResources, Unity.RenderPipelines.Universal.Runtime (1 object)
	UnityEngine.Rendering.Universal.UniversalRendererResources, Unity.RenderPipelines.Universal.Runtime (1 object)
	UnityEngine.Rendering.VrsRenderPipelineRuntimeResources, Unity.RenderPipelines.Core.Runtime (1 object)
 -> (artifact id: '189f421b5b5729325d2747a4ddd0fe7e') in 0.0328788 seconds
Number of updated asset objects reloaded before import = 0Number of asset objects unloaded after import = 10

========================================================================
Received Import Request.
  Time since last request: 0.000034 seconds.
  path: Assets/Models/Map/Wall.fbx
  artifactKey: Guid(62409db3e91341248818e2f5155faf00) Importer(815301076,1909f56bfc062723c751e8b465ee728b)
Start importing Assets/Models/Map/Wall.fbx using Guid(62409db3e91341248818e2f5155faf00) Importer(815301076,1909f56bfc062723c751e8b465ee728b) (PreviewImporter)Missing types referenced from component UniversalRenderPipelineGlobalSettings on game object UniversalRenderPipelineGlobalSettings:
	UnityEngine.Rendering.GPUResidentDrawerResources, Unity.RenderPipelines.GPUDriven.Runtime (1 object)
	UnityEngine.Rendering.IncludeAdditionalRPAssets, Unity.RenderPipelines.Core.Runtime (1 object)
	UnityEngine.Rendering.LightmapSamplingSettings, Unity.RenderPipelines.Core.Runtime (1 object)
	UnityEngine.Rendering.ProbeVolumeBakingResources, Unity.RenderPipelines.Core.Runtime (1 object)
	UnityEngine.Rendering.ProbeVolumeDebugResources, Unity.RenderPipelines.Core.Runtime (1 object)
	UnityEngine.Rendering.ProbeVolumeGlobalSettings, Unity.RenderPipelines.Core.Runtime (1 object)
	UnityEngine.Rendering.ProbeVolumeRuntimeResources, Unity.RenderPipelines.Core.Runtime (1 object)
	UnityEngine.Rendering.RenderGraphGlobalSettings, Unity.RenderPipelines.Core.Runtime (1 object)
	UnityEngine.Rendering.RenderGraphModule.Util.RenderGraphUtilsResources, Unity.RenderPipelines.Core.Runtime (1 object)
	UnityEngine.Rendering.STP/RuntimeResources, Unity.RenderPipelines.Core.Runtime (1 object)
	UnityEngine.Rendering.Universal.RenderGraphSettings, Unity.RenderPipelines.Universal.Runtime (1 object)
	UnityEngine.Rendering.Universal.Renderer2DResources, Unity.RenderPipelines.Universal.Runtime (1 object)
	UnityEngine.Rendering.Universal.URPDefaultVolumeProfileSettings, Unity.RenderPipelines.Universal.Runtime (1 object)
	UnityEngine.Rendering.Universal.UniversalRenderPipelineDebugShaders, Unity.RenderPipelines.Universal.Runtime (1 object)
	UnityEngine.Rendering.Universal.UniversalRenderPipelineEditorAssets, Unity.RenderPipelines.Universal.Runtime (1 object)
	UnityEngine.Rendering.Universal.UniversalRenderPipelineEditorMaterials, Unity.RenderPipelines.Universal.Runtime (1 object)
	UnityEngine.Rendering.Universal.UniversalRenderPipelineEditorShaders, Unity.RenderPipelines.Universal.Runtime (1 object)
	UnityEngine.Rendering.Universal.UniversalRenderPipelineRuntimeShaders, Unity.RenderPipelines.Universal.Runtime (1 object)
	UnityEngine.Rendering.Universal.UniversalRenderPipelineRuntimeTextures, Unity.RenderPipelines.Universal.Runtime (1 object)
	UnityEngine.Rendering.Universal.UniversalRenderPipelineRuntimeXRResources, Unity.RenderPipelines.Universal.Runtime (1 object)
	UnityEngine.Rendering.Universal.UniversalRendererResources, Unity.RenderPipelines.Universal.Runtime (1 object)
	UnityEngine.Rendering.VrsRenderPipelineRuntimeResources, Unity.RenderPipelines.Core.Runtime (1 object)
 -> (artifact id: 'cf452f09d994cc59d7134800d9c0f264') in 0.0323927 seconds
Number of updated asset objects reloaded before import = 0Number of asset objects unloaded after import = 10

========================================================================
Received Import Request.
  Time since last request: 0.000041 seconds.
  path: Assets/Other/TextMesh Pro/Examples & Extras/Resources/Fonts & Materials/Roboto-Bold SDF - Surface.mat
  artifactKey: Guid(e6b276ec991f467aa14ef1f3cc665993) Importer(815301076,1909f56bfc062723c751e8b465ee728b)
Start importing Assets/Other/TextMesh Pro/Examples & Extras/Resources/Fonts & Materials/Roboto-Bold SDF - Surface.mat using Guid(e6b276ec991f467aa14ef1f3cc665993) Importer(815301076,1909f56bfc062723c751e8b465ee728b) (PreviewImporter)Missing types referenced from component UniversalRenderPipelineGlobalSettings on game object UniversalRenderPipelineGlobalSettings:
	UnityEngine.Rendering.GPUResidentDrawerResources, Unity.RenderPipelines.GPUDriven.Runtime (1 object)
	UnityEngine.Rendering.IncludeAdditionalRPAssets, Unity.RenderPipelines.Core.Runtime (1 object)
	UnityEngine.Rendering.LightmapSamplingSettings, Unity.RenderPipelines.Core.Runtime (1 object)
	UnityEngine.Rendering.ProbeVolumeBakingResources, Unity.RenderPipelines.Core.Runtime (1 object)
	UnityEngine.Rendering.ProbeVolumeDebugResources, Unity.RenderPipelines.Core.Runtime (1 object)
	UnityEngine.Rendering.ProbeVolumeGlobalSettings, Unity.RenderPipelines.Core.Runtime (1 object)
	UnityEngine.Rendering.ProbeVolumeRuntimeResources, Unity.RenderPipelines.Core.Runtime (1 object)
	UnityEngine.Rendering.RenderGraphGlobalSettings, Unity.RenderPipelines.Core.Runtime (1 object)
	UnityEngine.Rendering.RenderGraphModule.Util.RenderGraphUtilsResources, Unity.RenderPipelines.Core.Runtime (1 object)
	UnityEngine.Rendering.STP/RuntimeResources, Unity.RenderPipelines.Core.Runtime (1 object)
	UnityEngine.Rendering.Universal.RenderGraphSettings, Unity.RenderPipelines.Universal.Runtime (1 object)
	UnityEngine.Rendering.Universal.Renderer2DResources, Unity.RenderPipelines.Universal.Runtime (1 object)
	UnityEngine.Rendering.Universal.URPDefaultVolumeProfileSettings, Unity.RenderPipelines.Universal.Runtime (1 object)
	UnityEngine.Rendering.Universal.UniversalRenderPipelineDebugShaders, Unity.RenderPipelines.Universal.Runtime (1 object)
	UnityEngine.Rendering.Universal.UniversalRenderPipelineEditorAssets, Unity.RenderPipelines.Universal.Runtime (1 object)
	UnityEngine.Rendering.Universal.UniversalRenderPipelineEditorMaterials, Unity.RenderPipelines.Universal.Runtime (1 object)
	UnityEngine.Rendering.Universal.UniversalRenderPipelineEditorShaders, Unity.RenderPipelines.Universal.Runtime (1 object)
	UnityEngine.Rendering.Universal.UniversalRenderPipelineRuntimeShaders, Unity.RenderPipelines.Universal.Runtime (1 object)
	UnityEngine.Rendering.Universal.UniversalRenderPipelineRuntimeTextures, Unity.RenderPipelines.Universal.Runtime (1 object)
	UnityEngine.Rendering.Universal.UniversalRenderPipelineRuntimeXRResources, Unity.RenderPipelines.Universal.Runtime (1 object)
	UnityEngine.Rendering.Universal.UniversalRendererResources, Unity.RenderPipelines.Universal.Runtime (1 object)
	UnityEngine.Rendering.VrsRenderPipelineRuntimeResources, Unity.RenderPipelines.Core.Runtime (1 object)
 -> (artifact id: 'eed3035066e30c3f6f66e33c8ff8b4c2') in 0.0136725 seconds
Number of updated asset objects reloaded before import = 0Number of asset objects unloaded after import = 3

========================================================================
Received Import Request.
  Time since last request: 0.000025 seconds.
  path: Assets/Models/External_Models/Wooden Toy Pack/Materials/Rod.mat
  artifactKey: Guid(17f14f299019588469eb8238462db1d0) Importer(815301076,1909f56bfc062723c751e8b465ee728b)
Start importing Assets/Models/External_Models/Wooden Toy Pack/Materials/Rod.mat using Guid(17f14f299019588469eb8238462db1d0) Importer(815301076,1909f56bfc062723c751e8b465ee728b) (PreviewImporter)Missing types referenced from component UniversalRenderPipelineGlobalSettings on game object UniversalRenderPipelineGlobalSettings:
	UnityEngine.Rendering.GPUResidentDrawerResources, Unity.RenderPipelines.GPUDriven.Runtime (1 object)
	UnityEngine.Rendering.IncludeAdditionalRPAssets, Unity.RenderPipelines.Core.Runtime (1 object)
	UnityEngine.Rendering.LightmapSamplingSettings, Unity.RenderPipelines.Core.Runtime (1 object)
	UnityEngine.Rendering.ProbeVolumeBakingResources, Unity.RenderPipelines.Core.Runtime (1 object)
	UnityEngine.Rendering.ProbeVolumeDebugResources, Unity.RenderPipelines.Core.Runtime (1 object)
	UnityEngine.Rendering.ProbeVolumeGlobalSettings, Unity.RenderPipelines.Core.Runtime (1 object)
	UnityEngine.Rendering.ProbeVolumeRuntimeResources, Unity.RenderPipelines.Core.Runtime (1 object)
	UnityEngine.Rendering.RenderGraphGlobalSettings, Unity.RenderPipelines.Core.Runtime (1 object)
	UnityEngine.Rendering.RenderGraphModule.Util.RenderGraphUtilsResources, Unity.RenderPipelines.Core.Runtime (1 object)
	UnityEngine.Rendering.STP/RuntimeResources, Unity.RenderPipelines.Core.Runtime (1 object)
	UnityEngine.Rendering.Universal.RenderGraphSettings, Unity.RenderPipelines.Universal.Runtime (1 object)
	UnityEngine.Rendering.Universal.Renderer2DResources, Unity.RenderPipelines.Universal.Runtime (1 object)
	UnityEngine.Rendering.Universal.URPDefaultVolumeProfileSettings, Unity.RenderPipelines.Universal.Runtime (1 object)
	UnityEngine.Rendering.Universal.UniversalRenderPipelineDebugShaders, Unity.RenderPipelines.Universal.Runtime (1 object)
	UnityEngine.Rendering.Universal.UniversalRenderPipelineEditorAssets, Unity.RenderPipelines.Universal.Runtime (1 object)
	UnityEngine.Rendering.Universal.UniversalRenderPipelineEditorMaterials, Unity.RenderPipelines.Universal.Runtime (1 object)
	UnityEngine.Rendering.Universal.UniversalRenderPipelineEditorShaders, Unity.RenderPipelines.Universal.Runtime (1 object)
	UnityEngine.Rendering.Universal.UniversalRenderPipelineRuntimeShaders, Unity.RenderPipelines.Universal.Runtime (1 object)
	UnityEngine.Rendering.Universal.UniversalRenderPipelineRuntimeTextures, Unity.RenderPipelines.Universal.Runtime (1 object)
	UnityEngine.Rendering.Universal.UniversalRenderPipelineRuntimeXRResources, Unity.RenderPipelines.Universal.Runtime (1 object)
	UnityEngine.Rendering.Universal.UniversalRendererResources, Unity.RenderPipelines.Universal.Runtime (1 object)
	UnityEngine.Rendering.VrsRenderPipelineRuntimeResources, Unity.RenderPipelines.Core.Runtime (1 object)
 -> (artifact id: '451644a1df120841f298a0b40a676c00') in 0.1047413 seconds
Number of updated asset objects reloaded before import = 0Number of asset objects unloaded after import = 4

========================================================================
Received Import Request.
  Time since last request: 0.000038 seconds.
  path: Assets/Mirza Beig/Cinematic Explosions FREE/Materials/Smoke/Smoke.mat
  artifactKey: Guid(6ecfc4134a93abd44b62eef8e1cb7a3c) Importer(815301076,1909f56bfc062723c751e8b465ee728b)
Start importing Assets/Mirza Beig/Cinematic Explosions FREE/Materials/Smoke/Smoke.mat using Guid(6ecfc4134a93abd44b62eef8e1cb7a3c) Importer(815301076,1909f56bfc062723c751e8b465ee728b) (PreviewImporter)Missing types referenced from component UniversalRenderPipelineGlobalSettings on game object UniversalRenderPipelineGlobalSettings:
	UnityEngine.Rendering.GPUResidentDrawerResources, Unity.RenderPipelines.GPUDriven.Runtime (1 object)
	UnityEngine.Rendering.IncludeAdditionalRPAssets, Unity.RenderPipelines.Core.Runtime (1 object)
	UnityEngine.Rendering.LightmapSamplingSettings, Unity.RenderPipelines.Core.Runtime (1 object)
	UnityEngine.Rendering.ProbeVolumeBakingResources, Unity.RenderPipelines.Core.Runtime (1 object)
	UnityEngine.Rendering.ProbeVolumeDebugResources, Unity.RenderPipelines.Core.Runtime (1 object)
	UnityEngine.Rendering.ProbeVolumeGlobalSettings, Unity.RenderPipelines.Core.Runtime (1 object)
	UnityEngine.Rendering.ProbeVolumeRuntimeResources, Unity.RenderPipelines.Core.Runtime (1 object)
	UnityEngine.Rendering.RenderGraphGlobalSettings, Unity.RenderPipelines.Core.Runtime (1 object)
	UnityEngine.Rendering.RenderGraphModule.Util.RenderGraphUtilsResources, Unity.RenderPipelines.Core.Runtime (1 object)
	UnityEngine.Rendering.STP/RuntimeResources, Unity.RenderPipelines.Core.Runtime (1 object)
	UnityEngine.Rendering.Universal.RenderGraphSettings, Unity.RenderPipelines.Universal.Runtime (1 object)
	UnityEngine.Rendering.Universal.Renderer2DResources, Unity.RenderPipelines.Universal.Runtime (1 object)
	UnityEngine.Rendering.Universal.URPDefaultVolumeProfileSettings, Unity.RenderPipelines.Universal.Runtime (1 object)
	UnityEngine.Rendering.Universal.UniversalRenderPipelineDebugShaders, Unity.RenderPipelines.Universal.Runtime (1 object)
	UnityEngine.Rendering.Universal.UniversalRenderPipelineEditorAssets, Unity.RenderPipelines.Universal.Runtime (1 object)
	UnityEngine.Rendering.Universal.UniversalRenderPipelineEditorMaterials, Unity.RenderPipelines.Universal.Runtime (1 object)
	UnityEngine.Rendering.Universal.UniversalRenderPipelineEditorShaders, Unity.RenderPipelines.Universal.Runtime (1 object)
	UnityEngine.Rendering.Universal.UniversalRenderPipelineRuntimeShaders, Unity.RenderPipelines.Universal.Runtime (1 object)
	UnityEngine.Rendering.Universal.UniversalRenderPipelineRuntimeTextures, Unity.RenderPipelines.Universal.Runtime (1 object)
	UnityEngine.Rendering.Universal.UniversalRenderPipelineRuntimeXRResources, Unity.RenderPipelines.Universal.Runtime (1 object)
	UnityEngine.Rendering.Universal.UniversalRendererResources, Unity.RenderPipelines.Universal.Runtime (1 object)
	UnityEngine.Rendering.VrsRenderPipelineRuntimeResources, Unity.RenderPipelines.Core.Runtime (1 object)
 -> (artifact id: 'b0f5d5f92632d5a985f9b19cf25209b4') in 5.4231652 seconds
Number of updated asset objects reloaded before import = 0Number of asset objects unloaded after import = 5

========================================================================
Received Prepare
Assembly reference Packages/com.unity.entities/Unity.Scenes.Editor/Internals/Properties/Unity.Properties.Internals.asmref has no target assembly definition
Assembly reference Packages/com.unity.entities/Unity.Scenes.Editor/Internals/Properties/Unity.Properties.Internals.asmref has no target assembly definition
Begin MonoManager ReloadAssembly
- Loaded All Assemblies, in  1.051 seconds
Assembly reference Packages/com.unity.entities/Unity.Scenes.Editor/Internals/Properties/Unity.Properties.Internals.asmref has no target assembly definition
Refreshing native plugins compatible for Editor in 2.27 ms, found 4 plugins.
Native extension for WindowsStandalone target not found
Assembly reference Packages/com.unity.entities/Unity.Scenes.Editor/Internals/Properties/Unity.Properties.Internals.asmref has no target assembly definition
[Package Manager] Failed to launch server process. Reason: Unity was launched with the -noUpm command-line argument
[Package Manager] Unable to send message (not connected to server process).
[Package Manager] Cannot connect to Unity Package Manager local server
TypeManager.Initialize took: 539ms
Mono: successfully reloaded assembly
- Finished resetting the current domain, in  1.999 seconds
Domain Reload Profiling: 3049ms
	BeginReloadAssembly (312ms)
		ExecutionOrderSort (0ms)
		DisableScriptedObjects (16ms)
		BackupInstance (0ms)
		ReleaseScriptingObjects (0ms)
		CreateAndSetChildDomain (108ms)
	RebuildCommonClasses (43ms)
	RebuildNativeTypeToScriptingClass (18ms)
	initialDomainReloadingComplete (45ms)
	LoadAllAssembliesAndSetupDomain (632ms)
		LoadAssemblies (520ms)
		RebuildTransferFunctionScriptingTraits (0ms)
		AnalyzeDomain (245ms)
			TypeCache.Refresh (10ms)
				TypeCache.ScanAssembly (0ms)
			BuildScriptInfoCaches (212ms)
			ResolveRequiredComponents (18ms)
	FinalizeReload (1999ms)
		ReleaseScriptCaches (0ms)
		RebuildScriptCaches (0ms)
		SetupLoadedEditorAssemblies (1655ms)
			LogAssemblyErrors (0ms)
			InitializePlatformSupportModulesInManaged (3ms)
			SetLoadedEditorAssemblies (4ms)
			BeforeProcessingInitializeOnLoad (105ms)
			ProcessInitializeOnLoadAttributes (1329ms)
			ProcessInitializeOnLoadMethodAttributes (204ms)
			AfterProcessingInitializeOnLoad (8ms)
			EditorAssembliesLoaded (1ms)
		ExecutionOrderSort2 (0ms)
		AwakeInstancesAfterBackupRestoration (35ms)
Refreshing native plugins compatible for Editor in 3.89 ms, found 4 plugins.
Preloading 0 native plugins for Editor in 0.00 ms.
Unloading 34 Unused Serialized files (Serialized files now loaded: 0)
Unloading 7721 unused Assets / (10.5 MB). Loaded Objects now: 8442.
Memory consumption went from 219.4 MB to 208.9 MB.
Total: 40.102100 ms (FindLiveObjects: 2.137100 ms CreateObjectMapping: 4.539600 ms MarkObjects: 21.458700 ms  DeleteObjects: 11.965000 ms)

Unloading 0 Unused Serialized files (Serialized files now loaded: 0)
Unloading 0 unused Assets / (6.4 MB). Loaded Objects now: 8442.
Memory consumption went from 208.9 MB to 202.5 MB.
Total: 35.850800 ms (FindLiveObjects: 1.111900 ms CreateObjectMapping: 1.572800 ms MarkObjects: 30.450500 ms  DeleteObjects: 2.714000 ms)

Prepare: number of updated asset objects reloaded= 0
