Using pre-set license
Built from '2023.2/staging' branch; Version is '2023.2.20f1 (0e25a174756c) revision 927137'; Using compiler version '193431935'; Build Type 'Release'
OS: 'Windows 11  (10.0.26100) 64bit Core' Language: 'es' Physical Memory: 16232 MB
BatchMode: 1, IsHumanControllingUs: 0, StartBugReporterOnCrash: 0, Is64bit: 1, IsPro: 1

COMMAND LINE ARGUMENTS:
C:\Program Files\Unity\Hub\Editor\2023.2.20f1\Editor\Unity.exe
-adb2
-batchMode
-noUpm
-name
AssetImportWorker5
-projectPath
D:/Proyectos Unity/Lost in the Toyland/Lost-in-Toyland/Lost in Toyland
-logFile
Logs/AssetImportWorker5.log
-srvPort
65260
-job-worker-count
5
-background-job-worker-count
8
-asset-garbage-collectors
1
Successfully changed project path to: D:/Proyectos Unity/Lost in the Toyland/Lost-in-Toyland/Lost in Toyland
D:/Proyectos Unity/Lost in the Toyland/Lost-in-Toyland/Lost in Toyland
[UnityMemory] Configuration Parameters - Can be set up in boot.config
    "memorysetup-bucket-allocator-granularity=16"
    "memorysetup-bucket-allocator-bucket-count=8"
    "memorysetup-bucket-allocator-block-size=33554432"
    "memorysetup-bucket-allocator-block-count=8"
    "memorysetup-main-allocator-block-size=16777216"
    "memorysetup-thread-allocator-block-size=16777216"
    "memorysetup-gfx-main-allocator-block-size=16777216"
    "memorysetup-gfx-thread-allocator-block-size=16777216"
    "memorysetup-cache-allocator-block-size=4194304"
    "memorysetup-typetree-allocator-block-size=2097152"
    "memorysetup-profiler-bucket-allocator-granularity=16"
    "memorysetup-profiler-bucket-allocator-bucket-count=8"
    "memorysetup-profiler-bucket-allocator-block-size=33554432"
    "memorysetup-profiler-bucket-allocator-block-count=8"
    "memorysetup-profiler-allocator-block-size=16777216"
    "memorysetup-profiler-editor-allocator-block-size=1048576"
    "memorysetup-temp-allocator-size-main=16777216"
    "memorysetup-job-temp-allocator-block-size=2097152"
    "memorysetup-job-temp-allocator-block-size-background=1048576"
    "memorysetup-job-temp-allocator-reduction-small-platforms=262144"
    "memorysetup-allocator-temp-initial-block-size-main=262144"
    "memorysetup-allocator-temp-initial-block-size-worker=262144"
    "memorysetup-temp-allocator-size-background-worker=32768"
    "memorysetup-temp-allocator-size-job-worker=262144"
    "memorysetup-temp-allocator-size-preload-manager=33554432"
    "memorysetup-temp-allocator-size-nav-mesh-worker=65536"
    "memorysetup-temp-allocator-size-audio-worker=65536"
    "memorysetup-temp-allocator-size-cloud-worker=32768"
    "memorysetup-temp-allocator-size-gi-baking-worker=262144"
    "memorysetup-temp-allocator-size-gi-baking-worker=262144"
    "memorysetup-temp-allocator-size-gi-baking-worker=262144"
    "memorysetup-temp-allocator-size-gi-baking-worker=262144"
    "memorysetup-temp-allocator-size-gfx=262144"
Player connection [16016] Host "[IP] 192.168.1.128 [Port] 0 [Flags] 2 [Guid] 3423797046 [EditorId] 3423797046 [Version] 1048832 [Id] WindowsEditor(7,ALEXANDRA) [Debug] 1 [PackageName] WindowsEditor [ProjectName] Editor" joined multi-casting on [225.0.0.222:54997]...
Player connection [16016] Host "[IP] 192.168.1.128 [Port] 0 [Flags] 2 [Guid] 3423797046 [EditorId] 3423797046 [Version] 1048832 [Id] WindowsEditor(7,ALEXANDRA) [Debug] 1 [PackageName] WindowsEditor [ProjectName] Editor" joined alternative multi-casting on [225.0.0.222:34997]...
JobSystem: Creating JobQueue using job-worker-count value 5
[Physics::Module] Initialized MultithreadedJobDispatcher with 5 workers.
Library Redirect Path: Library/
Refreshing native plugins compatible for Editor in 5.18 ms, found 4 plugins.
Preloading 0 native plugins for Editor in 0.00 ms.
Initialize engine version: 2023.2.20f1 (0e25a174756c)
[Subsystems] Discovering subsystems at path C:/Program Files/Unity/Hub/Editor/2023.2.20f1/Editor/Data/Resources/UnitySubsystems
[Subsystems] Discovering subsystems at path D:/Proyectos Unity/Lost in the Toyland/Lost-in-Toyland/Lost in Toyland/Assets
GfxDevice: creating device client; kGfxThreadingModeNonThreaded
Direct3D:
    Version:  Direct3D 11.0 [level 11.1]
    Renderer: NVIDIA GeForce GTX 1660 Ti (ID=0x2182)
    Vendor:   NVIDIA
    VRAM:     5966 MB
    Driver:   32.0.15.7260
Invalid texture used for cursor - check importer settings or texture creation. Texture must be RGBA32, readable, have alphaIsTransparency enabled and have no mip chain.
Failed to set the cursor because the specified texture ('crosshair021') was not CPU accessible.
Initialize mono
Mono path[0] = 'C:/Program Files/Unity/Hub/Editor/2023.2.20f1/Editor/Data/Managed'
Mono path[1] = 'C:/Program Files/Unity/Hub/Editor/2023.2.20f1/Editor/Data/MonoBleedingEdge/lib/mono/unityjit-win32'
Mono config path = 'C:/Program Files/Unity/Hub/Editor/2023.2.20f1/Editor/Data/MonoBleedingEdge/etc'
Using monoOptions --debugger-agent=transport=dt_socket,embedding=1,server=y,suspend=n,address=127.0.0.1:56244
Begin MonoManager ReloadAssembly
Registering precompiled unity dll's ...
Register platform support module: C:/Program Files/Unity/Hub/Editor/2023.2.20f1/Editor/Data/PlaybackEngines/WindowsStandaloneSupport/UnityEditor.WindowsStandalone.Extensions.dll
Registered in 0.003639 seconds.
- Loaded All Assemblies, in  0.555 seconds
Native extension for WindowsStandalone target not found
Mono: successfully reloaded assembly
- Finished resetting the current domain, in  0.451 seconds
Domain Reload Profiling: 1003ms
	BeginReloadAssembly (178ms)
		ExecutionOrderSort (0ms)
		DisableScriptedObjects (0ms)
		BackupInstance (0ms)
		ReleaseScriptingObjects (0ms)
		CreateAndSetChildDomain (1ms)
	RebuildCommonClasses (54ms)
	RebuildNativeTypeToScriptingClass (16ms)
	initialDomainReloadingComplete (73ms)
	LoadAllAssembliesAndSetupDomain (230ms)
		LoadAssemblies (174ms)
		RebuildTransferFunctionScriptingTraits (0ms)
		AnalyzeDomain (227ms)
			TypeCache.Refresh (224ms)
				TypeCache.ScanAssembly (203ms)
			BuildScriptInfoCaches (0ms)
			ResolveRequiredComponents (1ms)
	FinalizeReload (452ms)
		ReleaseScriptCaches (0ms)
		RebuildScriptCaches (0ms)
		SetupLoadedEditorAssemblies (362ms)
			LogAssemblyErrors (0ms)
			InitializePlatformSupportModulesInManaged (11ms)
			SetLoadedEditorAssemblies (6ms)
			BeforeProcessingInitializeOnLoad (7ms)
			ProcessInitializeOnLoadAttributes (272ms)
			ProcessInitializeOnLoadMethodAttributes (65ms)
			AfterProcessingInitializeOnLoad (0ms)
			EditorAssembliesLoaded (0ms)
		ExecutionOrderSort2 (0ms)
		AwakeInstancesAfterBackupRestoration (0ms)
Assembly reference Packages/com.unity.entities/Unity.Scenes.Editor/Internals/Properties/Unity.Properties.Internals.asmref has no target assembly definition
========================================================================
Worker process is ready to serve import requests
Import Worker Mode flag is 0x00
Assembly reference Packages/com.unity.entities/Unity.Scenes.Editor/Internals/Properties/Unity.Properties.Internals.asmref has no target assembly definition
Assembly reference Packages/com.unity.entities/Unity.Scenes.Editor/Internals/Properties/Unity.Properties.Internals.asmref has no target assembly definition
Begin MonoManager ReloadAssembly
- Loaded All Assemblies, in  1.549 seconds
Assembly reference Packages/com.unity.entities/Unity.Scenes.Editor/Internals/Properties/Unity.Properties.Internals.asmref has no target assembly definition
Refreshing native plugins compatible for Editor in 2.77 ms, found 4 plugins.
Native extension for WindowsStandalone target not found
Assembly reference Packages/com.unity.entities/Unity.Scenes.Editor/Internals/Properties/Unity.Properties.Internals.asmref has no target assembly definition
Package Manager log level set to [2]
[Package Manager] Failed to launch server process. Reason: Unity was launched with the -noUpm command-line argument
[Package Manager] Unable to send message (not connected to server process).
[Package Manager] Cannot connect to Unity Package Manager local server
Refreshing native plugins compatible for Editor in 2.49 ms, found 4 plugins.
TypeManager.Initialize took: 419ms
Mono: successfully reloaded assembly
- Finished resetting the current domain, in  1.891 seconds
Domain Reload Profiling: 3435ms
	BeginReloadAssembly (562ms)
		ExecutionOrderSort (0ms)
		DisableScriptedObjects (7ms)
		BackupInstance (0ms)
		ReleaseScriptingObjects (0ms)
		CreateAndSetChildDomain (38ms)
	RebuildCommonClasses (48ms)
	RebuildNativeTypeToScriptingClass (17ms)
	initialDomainReloadingComplete (63ms)
	LoadAllAssembliesAndSetupDomain (853ms)
		LoadAssemblies (546ms)
		RebuildTransferFunctionScriptingTraits (0ms)
		AnalyzeDomain (444ms)
			TypeCache.Refresh (360ms)
				TypeCache.ScanAssembly (331ms)
			BuildScriptInfoCaches (59ms)
			ResolveRequiredComponents (20ms)
	FinalizeReload (1892ms)
		ReleaseScriptCaches (0ms)
		RebuildScriptCaches (0ms)
		SetupLoadedEditorAssemblies (1537ms)
			LogAssemblyErrors (0ms)
			InitializePlatformSupportModulesInManaged (4ms)
			SetLoadedEditorAssemblies (8ms)
			BeforeProcessingInitializeOnLoad (128ms)
			ProcessInitializeOnLoadAttributes (1224ms)
			ProcessInitializeOnLoadMethodAttributes (166ms)
			AfterProcessingInitializeOnLoad (8ms)
			EditorAssembliesLoaded (0ms)
		ExecutionOrderSort2 (0ms)
		AwakeInstancesAfterBackupRestoration (11ms)
Launched and connected shader compiler UnityShaderCompiler.exe after 0.01 seconds
Refreshing native plugins compatible for Editor in 2.98 ms, found 4 plugins.
Preloading 0 native plugins for Editor in 0.00 ms.
Unloading 190 Unused Serialized files (Serialized files now loaded: 0)
Unloading 7689 unused Assets / (6.3 MB). Loaded Objects now: 8385.
Memory consumption went from 197.5 MB to 191.2 MB.
Total: 18.176700 ms (FindLiveObjects: 1.194000 ms CreateObjectMapping: 2.193600 ms MarkObjects: 9.003400 ms  DeleteObjects: 5.784200 ms)

========================================================================
Received Import Request.
  Time since last request: 45042.944293 seconds.
  path: Assets/Imported/Wooden Toy Pack/Prefabs/Wooden Blocks/BlockStackFBX.fbx
  artifactKey: Guid(0597b96febae5824e874776f2c5b5c0f) Importer(815301076,1909f56bfc062723c751e8b465ee728b)
Start importing Assets/Imported/Wooden Toy Pack/Prefabs/Wooden Blocks/BlockStackFBX.fbx using Guid(0597b96febae5824e874776f2c5b5c0f) Importer(815301076,1909f56bfc062723c751e8b465ee728b) (PreviewImporter)Missing types referenced from component UniversalRenderPipelineGlobalSettings on game object UniversalRenderPipelineGlobalSettings:
	UnityEngine.Rendering.GPUResidentDrawerResources, Unity.RenderPipelines.GPUDriven.Runtime (1 object)
	UnityEngine.Rendering.IncludeAdditionalRPAssets, Unity.RenderPipelines.Core.Runtime (1 object)
	UnityEngine.Rendering.LightmapSamplingSettings, Unity.RenderPipelines.Core.Runtime (1 object)
	UnityEngine.Rendering.ProbeVolumeBakingResources, Unity.RenderPipelines.Core.Runtime (1 object)
	UnityEngine.Rendering.ProbeVolumeDebugResources, Unity.RenderPipelines.Core.Runtime (1 object)
	UnityEngine.Rendering.ProbeVolumeGlobalSettings, Unity.RenderPipelines.Core.Runtime (1 object)
	UnityEngine.Rendering.ProbeVolumeRuntimeResources, Unity.RenderPipelines.Core.Runtime (1 object)
	UnityEngine.Rendering.RenderGraphGlobalSettings, Unity.RenderPipelines.Core.Runtime (1 object)
	UnityEngine.Rendering.RenderGraphModule.Util.RenderGraphUtilsResources, Unity.RenderPipelines.Core.Runtime (1 object)
	UnityEngine.Rendering.STP/RuntimeResources, Unity.RenderPipelines.Core.Runtime (1 object)
	UnityEngine.Rendering.Universal.RenderGraphSettings, Unity.RenderPipelines.Universal.Runtime (1 object)
	UnityEngine.Rendering.Universal.Renderer2DResources, Unity.RenderPipelines.Universal.Runtime (1 object)
	UnityEngine.Rendering.Universal.URPDefaultVolumeProfileSettings, Unity.RenderPipelines.Universal.Runtime (1 object)
	UnityEngine.Rendering.Universal.UniversalRenderPipelineDebugShaders, Unity.RenderPipelines.Universal.Runtime (1 object)
	UnityEngine.Rendering.Universal.UniversalRenderPipelineEditorAssets, Unity.RenderPipelines.Universal.Runtime (1 object)
	UnityEngine.Rendering.Universal.UniversalRenderPipelineEditorMaterials, Unity.RenderPipelines.Universal.Runtime (1 object)
	UnityEngine.Rendering.Universal.UniversalRenderPipelineEditorShaders, Unity.RenderPipelines.Universal.Runtime (1 object)
	UnityEngine.Rendering.Universal.UniversalRenderPipelineRuntimeShaders, Unity.RenderPipelines.Universal.Runtime (1 object)
	UnityEngine.Rendering.Universal.UniversalRenderPipelineRuntimeTextures, Unity.RenderPipelines.Universal.Runtime (1 object)
	UnityEngine.Rendering.Universal.UniversalRenderPipelineRuntimeXRResources, Unity.RenderPipelines.Universal.Runtime (1 object)
	UnityEngine.Rendering.Universal.UniversalRendererResources, Unity.RenderPipelines.Universal.Runtime (1 object)
	UnityEngine.Rendering.VrsRenderPipelineRuntimeResources, Unity.RenderPipelines.Core.Runtime (1 object)
 -> (artifact id: '37bcb5a442984d22a194fd1684f4af45') in 0.6454702 seconds
Number of updated asset objects reloaded before import = 0Number of asset objects unloaded after import = 72

========================================================================
Received Import Request.
  Time since last request: 0.000043 seconds.
  path: Assets/Imported/Wooden Toy Pack/Prefabs/Wooden Blocks/LargeTriangleFBX.fbx
  artifactKey: Guid(d7033beace962d54bbbd3c23912913ce) Importer(815301076,1909f56bfc062723c751e8b465ee728b)
Start importing Assets/Imported/Wooden Toy Pack/Prefabs/Wooden Blocks/LargeTriangleFBX.fbx using Guid(d7033beace962d54bbbd3c23912913ce) Importer(815301076,1909f56bfc062723c751e8b465ee728b) (PreviewImporter)Missing types referenced from component UniversalRenderPipelineGlobalSettings on game object UniversalRenderPipelineGlobalSettings:
	UnityEngine.Rendering.GPUResidentDrawerResources, Unity.RenderPipelines.GPUDriven.Runtime (1 object)
	UnityEngine.Rendering.IncludeAdditionalRPAssets, Unity.RenderPipelines.Core.Runtime (1 object)
	UnityEngine.Rendering.LightmapSamplingSettings, Unity.RenderPipelines.Core.Runtime (1 object)
	UnityEngine.Rendering.ProbeVolumeBakingResources, Unity.RenderPipelines.Core.Runtime (1 object)
	UnityEngine.Rendering.ProbeVolumeDebugResources, Unity.RenderPipelines.Core.Runtime (1 object)
	UnityEngine.Rendering.ProbeVolumeGlobalSettings, Unity.RenderPipelines.Core.Runtime (1 object)
	UnityEngine.Rendering.ProbeVolumeRuntimeResources, Unity.RenderPipelines.Core.Runtime (1 object)
	UnityEngine.Rendering.RenderGraphGlobalSettings, Unity.RenderPipelines.Core.Runtime (1 object)
	UnityEngine.Rendering.RenderGraphModule.Util.RenderGraphUtilsResources, Unity.RenderPipelines.Core.Runtime (1 object)
	UnityEngine.Rendering.STP/RuntimeResources, Unity.RenderPipelines.Core.Runtime (1 object)
	UnityEngine.Rendering.Universal.RenderGraphSettings, Unity.RenderPipelines.Universal.Runtime (1 object)
	UnityEngine.Rendering.Universal.Renderer2DResources, Unity.RenderPipelines.Universal.Runtime (1 object)
	UnityEngine.Rendering.Universal.URPDefaultVolumeProfileSettings, Unity.RenderPipelines.Universal.Runtime (1 object)
	UnityEngine.Rendering.Universal.UniversalRenderPipelineDebugShaders, Unity.RenderPipelines.Universal.Runtime (1 object)
	UnityEngine.Rendering.Universal.UniversalRenderPipelineEditorAssets, Unity.RenderPipelines.Universal.Runtime (1 object)
	UnityEngine.Rendering.Universal.UniversalRenderPipelineEditorMaterials, Unity.RenderPipelines.Universal.Runtime (1 object)
	UnityEngine.Rendering.Universal.UniversalRenderPipelineEditorShaders, Unity.RenderPipelines.Universal.Runtime (1 object)
	UnityEngine.Rendering.Universal.UniversalRenderPipelineRuntimeShaders, Unity.RenderPipelines.Universal.Runtime (1 object)
	UnityEngine.Rendering.Universal.UniversalRenderPipelineRuntimeTextures, Unity.RenderPipelines.Universal.Runtime (1 object)
	UnityEngine.Rendering.Universal.UniversalRenderPipelineRuntimeXRResources, Unity.RenderPipelines.Universal.Runtime (1 object)
	UnityEngine.Rendering.Universal.UniversalRendererResources, Unity.RenderPipelines.Universal.Runtime (1 object)
	UnityEngine.Rendering.VrsRenderPipelineRuntimeResources, Unity.RenderPipelines.Core.Runtime (1 object)
 -> (artifact id: 'b50f3cab698068f8c4ac00c5132e230a') in 0.0281186 seconds
Number of updated asset objects reloaded before import = 0Number of asset objects unloaded after import = 10

========================================================================
Received Import Request.
  Time since last request: 0.000032 seconds.
  path: Assets/Imported/Wooden Toy Pack/Prefabs/Wooden Blocks/HalfCircle.prefab
  artifactKey: Guid(70e8fc9d4f02f214d8b11106f851ac75) Importer(815301076,1909f56bfc062723c751e8b465ee728b)
Start importing Assets/Imported/Wooden Toy Pack/Prefabs/Wooden Blocks/HalfCircle.prefab using Guid(70e8fc9d4f02f214d8b11106f851ac75) Importer(815301076,1909f56bfc062723c751e8b465ee728b) (PreviewImporter)Missing types referenced from component UniversalRenderPipelineGlobalSettings on game object UniversalRenderPipelineGlobalSettings:
	UnityEngine.Rendering.GPUResidentDrawerResources, Unity.RenderPipelines.GPUDriven.Runtime (1 object)
	UnityEngine.Rendering.IncludeAdditionalRPAssets, Unity.RenderPipelines.Core.Runtime (1 object)
	UnityEngine.Rendering.LightmapSamplingSettings, Unity.RenderPipelines.Core.Runtime (1 object)
	UnityEngine.Rendering.ProbeVolumeBakingResources, Unity.RenderPipelines.Core.Runtime (1 object)
	UnityEngine.Rendering.ProbeVolumeDebugResources, Unity.RenderPipelines.Core.Runtime (1 object)
	UnityEngine.Rendering.ProbeVolumeGlobalSettings, Unity.RenderPipelines.Core.Runtime (1 object)
	UnityEngine.Rendering.ProbeVolumeRuntimeResources, Unity.RenderPipelines.Core.Runtime (1 object)
	UnityEngine.Rendering.RenderGraphGlobalSettings, Unity.RenderPipelines.Core.Runtime (1 object)
	UnityEngine.Rendering.RenderGraphModule.Util.RenderGraphUtilsResources, Unity.RenderPipelines.Core.Runtime (1 object)
	UnityEngine.Rendering.STP/RuntimeResources, Unity.RenderPipelines.Core.Runtime (1 object)
	UnityEngine.Rendering.Universal.RenderGraphSettings, Unity.RenderPipelines.Universal.Runtime (1 object)
	UnityEngine.Rendering.Universal.Renderer2DResources, Unity.RenderPipelines.Universal.Runtime (1 object)
	UnityEngine.Rendering.Universal.URPDefaultVolumeProfileSettings, Unity.RenderPipelines.Universal.Runtime (1 object)
	UnityEngine.Rendering.Universal.UniversalRenderPipelineDebugShaders, Unity.RenderPipelines.Universal.Runtime (1 object)
	UnityEngine.Rendering.Universal.UniversalRenderPipelineEditorAssets, Unity.RenderPipelines.Universal.Runtime (1 object)
	UnityEngine.Rendering.Universal.UniversalRenderPipelineEditorMaterials, Unity.RenderPipelines.Universal.Runtime (1 object)
	UnityEngine.Rendering.Universal.UniversalRenderPipelineEditorShaders, Unity.RenderPipelines.Universal.Runtime (1 object)
	UnityEngine.Rendering.Universal.UniversalRenderPipelineRuntimeShaders, Unity.RenderPipelines.Universal.Runtime (1 object)
	UnityEngine.Rendering.Universal.UniversalRenderPipelineRuntimeTextures, Unity.RenderPipelines.Universal.Runtime (1 object)
	UnityEngine.Rendering.Universal.UniversalRenderPipelineRuntimeXRResources, Unity.RenderPipelines.Universal.Runtime (1 object)
	UnityEngine.Rendering.Universal.UniversalRendererResources, Unity.RenderPipelines.Universal.Runtime (1 object)
	UnityEngine.Rendering.VrsRenderPipelineRuntimeResources, Unity.RenderPipelines.Core.Runtime (1 object)
 -> (artifact id: '1a893383e3e801a0822dfd5a5aced465') in 0.0199992 seconds
Number of updated asset objects reloaded before import = 0Number of asset objects unloaded after import = 11

========================================================================
Received Import Request.
  Time since last request: 0.000024 seconds.
  path: Assets/Imported/Wooden Toy Pack/Prefabs/Wooden Blocks/Tunnel.prefab
  artifactKey: Guid(ab0e4604cb0e44c4bb980ac5be55ab2f) Importer(815301076,1909f56bfc062723c751e8b465ee728b)
Start importing Assets/Imported/Wooden Toy Pack/Prefabs/Wooden Blocks/Tunnel.prefab using Guid(ab0e4604cb0e44c4bb980ac5be55ab2f) Importer(815301076,1909f56bfc062723c751e8b465ee728b) (PreviewImporter)Missing types referenced from component UniversalRenderPipelineGlobalSettings on game object UniversalRenderPipelineGlobalSettings:
	UnityEngine.Rendering.GPUResidentDrawerResources, Unity.RenderPipelines.GPUDriven.Runtime (1 object)
	UnityEngine.Rendering.IncludeAdditionalRPAssets, Unity.RenderPipelines.Core.Runtime (1 object)
	UnityEngine.Rendering.LightmapSamplingSettings, Unity.RenderPipelines.Core.Runtime (1 object)
	UnityEngine.Rendering.ProbeVolumeBakingResources, Unity.RenderPipelines.Core.Runtime (1 object)
	UnityEngine.Rendering.ProbeVolumeDebugResources, Unity.RenderPipelines.Core.Runtime (1 object)
	UnityEngine.Rendering.ProbeVolumeGlobalSettings, Unity.RenderPipelines.Core.Runtime (1 object)
	UnityEngine.Rendering.ProbeVolumeRuntimeResources, Unity.RenderPipelines.Core.Runtime (1 object)
	UnityEngine.Rendering.RenderGraphGlobalSettings, Unity.RenderPipelines.Core.Runtime (1 object)
	UnityEngine.Rendering.RenderGraphModule.Util.RenderGraphUtilsResources, Unity.RenderPipelines.Core.Runtime (1 object)
	UnityEngine.Rendering.STP/RuntimeResources, Unity.RenderPipelines.Core.Runtime (1 object)
	UnityEngine.Rendering.Universal.RenderGraphSettings, Unity.RenderPipelines.Universal.Runtime (1 object)
	UnityEngine.Rendering.Universal.Renderer2DResources, Unity.RenderPipelines.Universal.Runtime (1 object)
	UnityEngine.Rendering.Universal.URPDefaultVolumeProfileSettings, Unity.RenderPipelines.Universal.Runtime (1 object)
	UnityEngine.Rendering.Universal.UniversalRenderPipelineDebugShaders, Unity.RenderPipelines.Universal.Runtime (1 object)
	UnityEngine.Rendering.Universal.UniversalRenderPipelineEditorAssets, Unity.RenderPipelines.Universal.Runtime (1 object)
	UnityEngine.Rendering.Universal.UniversalRenderPipelineEditorMaterials, Unity.RenderPipelines.Universal.Runtime (1 object)
	UnityEngine.Rendering.Universal.UniversalRenderPipelineEditorShaders, Unity.RenderPipelines.Universal.Runtime (1 object)
	UnityEngine.Rendering.Universal.UniversalRenderPipelineRuntimeShaders, Unity.RenderPipelines.Universal.Runtime (1 object)
	UnityEngine.Rendering.Universal.UniversalRenderPipelineRuntimeTextures, Unity.RenderPipelines.Universal.Runtime (1 object)
	UnityEngine.Rendering.Universal.UniversalRenderPipelineRuntimeXRResources, Unity.RenderPipelines.Universal.Runtime (1 object)
	UnityEngine.Rendering.Universal.UniversalRendererResources, Unity.RenderPipelines.Universal.Runtime (1 object)
	UnityEngine.Rendering.VrsRenderPipelineRuntimeResources, Unity.RenderPipelines.Core.Runtime (1 object)
 -> (artifact id: 'e837e9b72fa0e36b05e3b48514c6eca2') in 0.022455 seconds
Number of updated asset objects reloaded before import = 0Number of asset objects unloaded after import = 11

========================================================================
Received Import Request.
  Time since last request: 0.000043 seconds.
  path: Assets/Imported/Wooden Toy Pack/Prefabs/Wooden Blocks/LargeTriangle.prefab
  artifactKey: Guid(a55e51af48e412a44ab9ed1737ea80f0) Importer(815301076,1909f56bfc062723c751e8b465ee728b)
Start importing Assets/Imported/Wooden Toy Pack/Prefabs/Wooden Blocks/LargeTriangle.prefab using Guid(a55e51af48e412a44ab9ed1737ea80f0) Importer(815301076,1909f56bfc062723c751e8b465ee728b) (PreviewImporter)Missing types referenced from component UniversalRenderPipelineGlobalSettings on game object UniversalRenderPipelineGlobalSettings:
	UnityEngine.Rendering.GPUResidentDrawerResources, Unity.RenderPipelines.GPUDriven.Runtime (1 object)
	UnityEngine.Rendering.IncludeAdditionalRPAssets, Unity.RenderPipelines.Core.Runtime (1 object)
	UnityEngine.Rendering.LightmapSamplingSettings, Unity.RenderPipelines.Core.Runtime (1 object)
	UnityEngine.Rendering.ProbeVolumeBakingResources, Unity.RenderPipelines.Core.Runtime (1 object)
	UnityEngine.Rendering.ProbeVolumeDebugResources, Unity.RenderPipelines.Core.Runtime (1 object)
	UnityEngine.Rendering.ProbeVolumeGlobalSettings, Unity.RenderPipelines.Core.Runtime (1 object)
	UnityEngine.Rendering.ProbeVolumeRuntimeResources, Unity.RenderPipelines.Core.Runtime (1 object)
	UnityEngine.Rendering.RenderGraphGlobalSettings, Unity.RenderPipelines.Core.Runtime (1 object)
	UnityEngine.Rendering.RenderGraphModule.Util.RenderGraphUtilsResources, Unity.RenderPipelines.Core.Runtime (1 object)
	UnityEngine.Rendering.STP/RuntimeResources, Unity.RenderPipelines.Core.Runtime (1 object)
	UnityEngine.Rendering.Universal.RenderGraphSettings, Unity.RenderPipelines.Universal.Runtime (1 object)
	UnityEngine.Rendering.Universal.Renderer2DResources, Unity.RenderPipelines.Universal.Runtime (1 object)
	UnityEngine.Rendering.Universal.URPDefaultVolumeProfileSettings, Unity.RenderPipelines.Universal.Runtime (1 object)
	UnityEngine.Rendering.Universal.UniversalRenderPipelineDebugShaders, Unity.RenderPipelines.Universal.Runtime (1 object)
	UnityEngine.Rendering.Universal.UniversalRenderPipelineEditorAssets, Unity.RenderPipelines.Universal.Runtime (1 object)
	UnityEngine.Rendering.Universal.UniversalRenderPipelineEditorMaterials, Unity.RenderPipelines.Universal.Runtime (1 object)
	UnityEngine.Rendering.Universal.UniversalRenderPipelineEditorShaders, Unity.RenderPipelines.Universal.Runtime (1 object)
	UnityEngine.Rendering.Universal.UniversalRenderPipelineRuntimeShaders, Unity.RenderPipelines.Universal.Runtime (1 object)
	UnityEngine.Rendering.Universal.UniversalRenderPipelineRuntimeTextures, Unity.RenderPipelines.Universal.Runtime (1 object)
	UnityEngine.Rendering.Universal.UniversalRenderPipelineRuntimeXRResources, Unity.RenderPipelines.Universal.Runtime (1 object)
	UnityEngine.Rendering.Universal.UniversalRendererResources, Unity.RenderPipelines.Universal.Runtime (1 object)
	UnityEngine.Rendering.VrsRenderPipelineRuntimeResources, Unity.RenderPipelines.Core.Runtime (1 object)
 -> (artifact id: '0032a252a8e57ca8954f48f5123efedd') in 0.0217731 seconds
Number of updated asset objects reloaded before import = 0Number of asset objects unloaded after import = 11

========================================================================
Received Import Request.
  Time since last request: 0.000028 seconds.
  path: Assets/Imported/Wooden Toy Pack/Prefabs/Wooden Blocks/SmallTriangleFBX.fbx
  artifactKey: Guid(3f5408b80a1481e438cd79d53ac31ede) Importer(815301076,1909f56bfc062723c751e8b465ee728b)
Start importing Assets/Imported/Wooden Toy Pack/Prefabs/Wooden Blocks/SmallTriangleFBX.fbx using Guid(3f5408b80a1481e438cd79d53ac31ede) Importer(815301076,1909f56bfc062723c751e8b465ee728b) (PreviewImporter)Missing types referenced from component UniversalRenderPipelineGlobalSettings on game object UniversalRenderPipelineGlobalSettings:
	UnityEngine.Rendering.GPUResidentDrawerResources, Unity.RenderPipelines.GPUDriven.Runtime (1 object)
	UnityEngine.Rendering.IncludeAdditionalRPAssets, Unity.RenderPipelines.Core.Runtime (1 object)
	UnityEngine.Rendering.LightmapSamplingSettings, Unity.RenderPipelines.Core.Runtime (1 object)
	UnityEngine.Rendering.ProbeVolumeBakingResources, Unity.RenderPipelines.Core.Runtime (1 object)
	UnityEngine.Rendering.ProbeVolumeDebugResources, Unity.RenderPipelines.Core.Runtime (1 object)
	UnityEngine.Rendering.ProbeVolumeGlobalSettings, Unity.RenderPipelines.Core.Runtime (1 object)
	UnityEngine.Rendering.ProbeVolumeRuntimeResources, Unity.RenderPipelines.Core.Runtime (1 object)
	UnityEngine.Rendering.RenderGraphGlobalSettings, Unity.RenderPipelines.Core.Runtime (1 object)
	UnityEngine.Rendering.RenderGraphModule.Util.RenderGraphUtilsResources, Unity.RenderPipelines.Core.Runtime (1 object)
	UnityEngine.Rendering.STP/RuntimeResources, Unity.RenderPipelines.Core.Runtime (1 object)
	UnityEngine.Rendering.Universal.RenderGraphSettings, Unity.RenderPipelines.Universal.Runtime (1 object)
	UnityEngine.Rendering.Universal.Renderer2DResources, Unity.RenderPipelines.Universal.Runtime (1 object)
	UnityEngine.Rendering.Universal.URPDefaultVolumeProfileSettings, Unity.RenderPipelines.Universal.Runtime (1 object)
	UnityEngine.Rendering.Universal.UniversalRenderPipelineDebugShaders, Unity.RenderPipelines.Universal.Runtime (1 object)
	UnityEngine.Rendering.Universal.UniversalRenderPipelineEditorAssets, Unity.RenderPipelines.Universal.Runtime (1 object)
	UnityEngine.Rendering.Universal.UniversalRenderPipelineEditorMaterials, Unity.RenderPipelines.Universal.Runtime (1 object)
	UnityEngine.Rendering.Universal.UniversalRenderPipelineEditorShaders, Unity.RenderPipelines.Universal.Runtime (1 object)
	UnityEngine.Rendering.Universal.UniversalRenderPipelineRuntimeShaders, Unity.RenderPipelines.Universal.Runtime (1 object)
	UnityEngine.Rendering.Universal.UniversalRenderPipelineRuntimeTextures, Unity.RenderPipelines.Universal.Runtime (1 object)
	UnityEngine.Rendering.Universal.UniversalRenderPipelineRuntimeXRResources, Unity.RenderPipelines.Universal.Runtime (1 object)
	UnityEngine.Rendering.Universal.UniversalRendererResources, Unity.RenderPipelines.Universal.Runtime (1 object)
	UnityEngine.Rendering.VrsRenderPipelineRuntimeResources, Unity.RenderPipelines.Core.Runtime (1 object)
 -> (artifact id: 'b6afe55f663c807d773bb7597eba098d') in 0.0288127 seconds
Number of updated asset objects reloaded before import = 0Number of asset objects unloaded after import = 10

========================================================================
Received Import Request.
  Time since last request: 3.853687 seconds.
  path: Assets/Imported/Wooden Toy Pack/Materials/GreenFish.mat
  artifactKey: Guid(c61eaf2651e331640ac5331809ed7113) Importer(815301076,1909f56bfc062723c751e8b465ee728b)
Start importing Assets/Imported/Wooden Toy Pack/Materials/GreenFish.mat using Guid(c61eaf2651e331640ac5331809ed7113) Importer(815301076,1909f56bfc062723c751e8b465ee728b) (PreviewImporter)Missing types referenced from component UniversalRenderPipelineGlobalSettings on game object UniversalRenderPipelineGlobalSettings:
	UnityEngine.Rendering.GPUResidentDrawerResources, Unity.RenderPipelines.GPUDriven.Runtime (1 object)
	UnityEngine.Rendering.IncludeAdditionalRPAssets, Unity.RenderPipelines.Core.Runtime (1 object)
	UnityEngine.Rendering.LightmapSamplingSettings, Unity.RenderPipelines.Core.Runtime (1 object)
	UnityEngine.Rendering.ProbeVolumeBakingResources, Unity.RenderPipelines.Core.Runtime (1 object)
	UnityEngine.Rendering.ProbeVolumeDebugResources, Unity.RenderPipelines.Core.Runtime (1 object)
	UnityEngine.Rendering.ProbeVolumeGlobalSettings, Unity.RenderPipelines.Core.Runtime (1 object)
	UnityEngine.Rendering.ProbeVolumeRuntimeResources, Unity.RenderPipelines.Core.Runtime (1 object)
	UnityEngine.Rendering.RenderGraphGlobalSettings, Unity.RenderPipelines.Core.Runtime (1 object)
	UnityEngine.Rendering.RenderGraphModule.Util.RenderGraphUtilsResources, Unity.RenderPipelines.Core.Runtime (1 object)
	UnityEngine.Rendering.STP/RuntimeResources, Unity.RenderPipelines.Core.Runtime (1 object)
	UnityEngine.Rendering.Universal.RenderGraphSettings, Unity.RenderPipelines.Universal.Runtime (1 object)
	UnityEngine.Rendering.Universal.Renderer2DResources, Unity.RenderPipelines.Universal.Runtime (1 object)
	UnityEngine.Rendering.Universal.URPDefaultVolumeProfileSettings, Unity.RenderPipelines.Universal.Runtime (1 object)
	UnityEngine.Rendering.Universal.UniversalRenderPipelineDebugShaders, Unity.RenderPipelines.Universal.Runtime (1 object)
	UnityEngine.Rendering.Universal.UniversalRenderPipelineEditorAssets, Unity.RenderPipelines.Universal.Runtime (1 object)
	UnityEngine.Rendering.Universal.UniversalRenderPipelineEditorMaterials, Unity.RenderPipelines.Universal.Runtime (1 object)
	UnityEngine.Rendering.Universal.UniversalRenderPipelineEditorShaders, Unity.RenderPipelines.Universal.Runtime (1 object)
	UnityEngine.Rendering.Universal.UniversalRenderPipelineRuntimeShaders, Unity.RenderPipelines.Universal.Runtime (1 object)
	UnityEngine.Rendering.Universal.UniversalRenderPipelineRuntimeTextures, Unity.RenderPipelines.Universal.Runtime (1 object)
	UnityEngine.Rendering.Universal.UniversalRenderPipelineRuntimeXRResources, Unity.RenderPipelines.Universal.Runtime (1 object)
	UnityEngine.Rendering.Universal.UniversalRendererResources, Unity.RenderPipelines.Universal.Runtime (1 object)
	UnityEngine.Rendering.VrsRenderPipelineRuntimeResources, Unity.RenderPipelines.Core.Runtime (1 object)
 -> (artifact id: 'b6cde809f425bccde77e814481051df7') in 0.078155 seconds
Number of updated asset objects reloaded before import = 0Number of asset objects unloaded after import = 3

========================================================================
Received Import Request.
  Time since last request: 0.000031 seconds.
  path: Assets/Imported/Wooden Toy Pack/Materials/Pink.mat
  artifactKey: Guid(10e30fbf04399284a802c7d2a7ed8983) Importer(815301076,1909f56bfc062723c751e8b465ee728b)
Start importing Assets/Imported/Wooden Toy Pack/Materials/Pink.mat using Guid(10e30fbf04399284a802c7d2a7ed8983) Importer(815301076,1909f56bfc062723c751e8b465ee728b) (PreviewImporter)Missing types referenced from component UniversalRenderPipelineGlobalSettings on game object UniversalRenderPipelineGlobalSettings:
	UnityEngine.Rendering.GPUResidentDrawerResources, Unity.RenderPipelines.GPUDriven.Runtime (1 object)
	UnityEngine.Rendering.IncludeAdditionalRPAssets, Unity.RenderPipelines.Core.Runtime (1 object)
	UnityEngine.Rendering.LightmapSamplingSettings, Unity.RenderPipelines.Core.Runtime (1 object)
	UnityEngine.Rendering.ProbeVolumeBakingResources, Unity.RenderPipelines.Core.Runtime (1 object)
	UnityEngine.Rendering.ProbeVolumeDebugResources, Unity.RenderPipelines.Core.Runtime (1 object)
	UnityEngine.Rendering.ProbeVolumeGlobalSettings, Unity.RenderPipelines.Core.Runtime (1 object)
	UnityEngine.Rendering.ProbeVolumeRuntimeResources, Unity.RenderPipelines.Core.Runtime (1 object)
	UnityEngine.Rendering.RenderGraphGlobalSettings, Unity.RenderPipelines.Core.Runtime (1 object)
	UnityEngine.Rendering.RenderGraphModule.Util.RenderGraphUtilsResources, Unity.RenderPipelines.Core.Runtime (1 object)
	UnityEngine.Rendering.STP/RuntimeResources, Unity.RenderPipelines.Core.Runtime (1 object)
	UnityEngine.Rendering.Universal.RenderGraphSettings, Unity.RenderPipelines.Universal.Runtime (1 object)
	UnityEngine.Rendering.Universal.Renderer2DResources, Unity.RenderPipelines.Universal.Runtime (1 object)
	UnityEngine.Rendering.Universal.URPDefaultVolumeProfileSettings, Unity.RenderPipelines.Universal.Runtime (1 object)
	UnityEngine.Rendering.Universal.UniversalRenderPipelineDebugShaders, Unity.RenderPipelines.Universal.Runtime (1 object)
	UnityEngine.Rendering.Universal.UniversalRenderPipelineEditorAssets, Unity.RenderPipelines.Universal.Runtime (1 object)
	UnityEngine.Rendering.Universal.UniversalRenderPipelineEditorMaterials, Unity.RenderPipelines.Universal.Runtime (1 object)
	UnityEngine.Rendering.Universal.UniversalRenderPipelineEditorShaders, Unity.RenderPipelines.Universal.Runtime (1 object)
	UnityEngine.Rendering.Universal.UniversalRenderPipelineRuntimeShaders, Unity.RenderPipelines.Universal.Runtime (1 object)
	UnityEngine.Rendering.Universal.UniversalRenderPipelineRuntimeTextures, Unity.RenderPipelines.Universal.Runtime (1 object)
	UnityEngine.Rendering.Universal.UniversalRenderPipelineRuntimeXRResources, Unity.RenderPipelines.Universal.Runtime (1 object)
	UnityEngine.Rendering.Universal.UniversalRendererResources, Unity.RenderPipelines.Universal.Runtime (1 object)
	UnityEngine.Rendering.VrsRenderPipelineRuntimeResources, Unity.RenderPipelines.Core.Runtime (1 object)
 -> (artifact id: 'b85dbe4f2d91a0dfdde2f1880afee29e') in 0.0097255 seconds
Number of updated asset objects reloaded before import = 0Number of asset objects unloaded after import = 3

========================================================================
Received Import Request.
  Time since last request: 0.000033 seconds.
  path: Assets/Imported/Wooden Toy Pack/Materials/Orange.mat
  artifactKey: Guid(acdcc3e85d3800b43a3a8b7ef7eb3123) Importer(815301076,1909f56bfc062723c751e8b465ee728b)
Start importing Assets/Imported/Wooden Toy Pack/Materials/Orange.mat using Guid(acdcc3e85d3800b43a3a8b7ef7eb3123) Importer(815301076,1909f56bfc062723c751e8b465ee728b) (PreviewImporter)Missing types referenced from component UniversalRenderPipelineGlobalSettings on game object UniversalRenderPipelineGlobalSettings:
	UnityEngine.Rendering.GPUResidentDrawerResources, Unity.RenderPipelines.GPUDriven.Runtime (1 object)
	UnityEngine.Rendering.IncludeAdditionalRPAssets, Unity.RenderPipelines.Core.Runtime (1 object)
	UnityEngine.Rendering.LightmapSamplingSettings, Unity.RenderPipelines.Core.Runtime (1 object)
	UnityEngine.Rendering.ProbeVolumeBakingResources, Unity.RenderPipelines.Core.Runtime (1 object)
	UnityEngine.Rendering.ProbeVolumeDebugResources, Unity.RenderPipelines.Core.Runtime (1 object)
	UnityEngine.Rendering.ProbeVolumeGlobalSettings, Unity.RenderPipelines.Core.Runtime (1 object)
	UnityEngine.Rendering.ProbeVolumeRuntimeResources, Unity.RenderPipelines.Core.Runtime (1 object)
	UnityEngine.Rendering.RenderGraphGlobalSettings, Unity.RenderPipelines.Core.Runtime (1 object)
	UnityEngine.Rendering.RenderGraphModule.Util.RenderGraphUtilsResources, Unity.RenderPipelines.Core.Runtime (1 object)
	UnityEngine.Rendering.STP/RuntimeResources, Unity.RenderPipelines.Core.Runtime (1 object)
	UnityEngine.Rendering.Universal.RenderGraphSettings, Unity.RenderPipelines.Universal.Runtime (1 object)
	UnityEngine.Rendering.Universal.Renderer2DResources, Unity.RenderPipelines.Universal.Runtime (1 object)
	UnityEngine.Rendering.Universal.URPDefaultVolumeProfileSettings, Unity.RenderPipelines.Universal.Runtime (1 object)
	UnityEngine.Rendering.Universal.UniversalRenderPipelineDebugShaders, Unity.RenderPipelines.Universal.Runtime (1 object)
	UnityEngine.Rendering.Universal.UniversalRenderPipelineEditorAssets, Unity.RenderPipelines.Universal.Runtime (1 object)
	UnityEngine.Rendering.Universal.UniversalRenderPipelineEditorMaterials, Unity.RenderPipelines.Universal.Runtime (1 object)
	UnityEngine.Rendering.Universal.UniversalRenderPipelineEditorShaders, Unity.RenderPipelines.Universal.Runtime (1 object)
	UnityEngine.Rendering.Universal.UniversalRenderPipelineRuntimeShaders, Unity.RenderPipelines.Universal.Runtime (1 object)
	UnityEngine.Rendering.Universal.UniversalRenderPipelineRuntimeTextures, Unity.RenderPipelines.Universal.Runtime (1 object)
	UnityEngine.Rendering.Universal.UniversalRenderPipelineRuntimeXRResources, Unity.RenderPipelines.Universal.Runtime (1 object)
	UnityEngine.Rendering.Universal.UniversalRendererResources, Unity.RenderPipelines.Universal.Runtime (1 object)
	UnityEngine.Rendering.VrsRenderPipelineRuntimeResources, Unity.RenderPipelines.Core.Runtime (1 object)
 -> (artifact id: 'e84ad366db500da9697fb5f0dd9ca24f') in 0.0104055 seconds
Number of updated asset objects reloaded before import = 0Number of asset objects unloaded after import = 3

========================================================================
Received Import Request.
  Time since last request: 0.000024 seconds.
  path: Assets/Imported/Wooden Toy Pack/Materials/YellowFish.mat
  artifactKey: Guid(554857c9bb9eb8d4b85abdb1602e7be6) Importer(815301076,1909f56bfc062723c751e8b465ee728b)
Start importing Assets/Imported/Wooden Toy Pack/Materials/YellowFish.mat using Guid(554857c9bb9eb8d4b85abdb1602e7be6) Importer(815301076,1909f56bfc062723c751e8b465ee728b) (PreviewImporter)Missing types referenced from component UniversalRenderPipelineGlobalSettings on game object UniversalRenderPipelineGlobalSettings:
	UnityEngine.Rendering.GPUResidentDrawerResources, Unity.RenderPipelines.GPUDriven.Runtime (1 object)
	UnityEngine.Rendering.IncludeAdditionalRPAssets, Unity.RenderPipelines.Core.Runtime (1 object)
	UnityEngine.Rendering.LightmapSamplingSettings, Unity.RenderPipelines.Core.Runtime (1 object)
	UnityEngine.Rendering.ProbeVolumeBakingResources, Unity.RenderPipelines.Core.Runtime (1 object)
	UnityEngine.Rendering.ProbeVolumeDebugResources, Unity.RenderPipelines.Core.Runtime (1 object)
	UnityEngine.Rendering.ProbeVolumeGlobalSettings, Unity.RenderPipelines.Core.Runtime (1 object)
	UnityEngine.Rendering.ProbeVolumeRuntimeResources, Unity.RenderPipelines.Core.Runtime (1 object)
	UnityEngine.Rendering.RenderGraphGlobalSettings, Unity.RenderPipelines.Core.Runtime (1 object)
	UnityEngine.Rendering.RenderGraphModule.Util.RenderGraphUtilsResources, Unity.RenderPipelines.Core.Runtime (1 object)
	UnityEngine.Rendering.STP/RuntimeResources, Unity.RenderPipelines.Core.Runtime (1 object)
	UnityEngine.Rendering.Universal.RenderGraphSettings, Unity.RenderPipelines.Universal.Runtime (1 object)
	UnityEngine.Rendering.Universal.Renderer2DResources, Unity.RenderPipelines.Universal.Runtime (1 object)
	UnityEngine.Rendering.Universal.URPDefaultVolumeProfileSettings, Unity.RenderPipelines.Universal.Runtime (1 object)
	UnityEngine.Rendering.Universal.UniversalRenderPipelineDebugShaders, Unity.RenderPipelines.Universal.Runtime (1 object)
	UnityEngine.Rendering.Universal.UniversalRenderPipelineEditorAssets, Unity.RenderPipelines.Universal.Runtime (1 object)
	UnityEngine.Rendering.Universal.UniversalRenderPipelineEditorMaterials, Unity.RenderPipelines.Universal.Runtime (1 object)
	UnityEngine.Rendering.Universal.UniversalRenderPipelineEditorShaders, Unity.RenderPipelines.Universal.Runtime (1 object)
	UnityEngine.Rendering.Universal.UniversalRenderPipelineRuntimeShaders, Unity.RenderPipelines.Universal.Runtime (1 object)
	UnityEngine.Rendering.Universal.UniversalRenderPipelineRuntimeTextures, Unity.RenderPipelines.Universal.Runtime (1 object)
	UnityEngine.Rendering.Universal.UniversalRenderPipelineRuntimeXRResources, Unity.RenderPipelines.Universal.Runtime (1 object)
	UnityEngine.Rendering.Universal.UniversalRendererResources, Unity.RenderPipelines.Universal.Runtime (1 object)
	UnityEngine.Rendering.VrsRenderPipelineRuntimeResources, Unity.RenderPipelines.Core.Runtime (1 object)
 -> (artifact id: 'f4c0a531c5fea72444f93fb1ab102471') in 0.0255441 seconds
Number of updated asset objects reloaded before import = 0Number of asset objects unloaded after import = 3

========================================================================
Received Import Request.
  Time since last request: 0.000022 seconds.
  path: Assets/Imported/Wooden Toy Pack/Materials/RedFish.mat
  artifactKey: Guid(a3123897288388c4b9b83a9e9ce6bf65) Importer(815301076,1909f56bfc062723c751e8b465ee728b)
Start importing Assets/Imported/Wooden Toy Pack/Materials/RedFish.mat using Guid(a3123897288388c4b9b83a9e9ce6bf65) Importer(815301076,1909f56bfc062723c751e8b465ee728b) (PreviewImporter)Missing types referenced from component UniversalRenderPipelineGlobalSettings on game object UniversalRenderPipelineGlobalSettings:
	UnityEngine.Rendering.GPUResidentDrawerResources, Unity.RenderPipelines.GPUDriven.Runtime (1 object)
	UnityEngine.Rendering.IncludeAdditionalRPAssets, Unity.RenderPipelines.Core.Runtime (1 object)
	UnityEngine.Rendering.LightmapSamplingSettings, Unity.RenderPipelines.Core.Runtime (1 object)
	UnityEngine.Rendering.ProbeVolumeBakingResources, Unity.RenderPipelines.Core.Runtime (1 object)
	UnityEngine.Rendering.ProbeVolumeDebugResources, Unity.RenderPipelines.Core.Runtime (1 object)
	UnityEngine.Rendering.ProbeVolumeGlobalSettings, Unity.RenderPipelines.Core.Runtime (1 object)
	UnityEngine.Rendering.ProbeVolumeRuntimeResources, Unity.RenderPipelines.Core.Runtime (1 object)
	UnityEngine.Rendering.RenderGraphGlobalSettings, Unity.RenderPipelines.Core.Runtime (1 object)
	UnityEngine.Rendering.RenderGraphModule.Util.RenderGraphUtilsResources, Unity.RenderPipelines.Core.Runtime (1 object)
	UnityEngine.Rendering.STP/RuntimeResources, Unity.RenderPipelines.Core.Runtime (1 object)
	UnityEngine.Rendering.Universal.RenderGraphSettings, Unity.RenderPipelines.Universal.Runtime (1 object)
	UnityEngine.Rendering.Universal.Renderer2DResources, Unity.RenderPipelines.Universal.Runtime (1 object)
	UnityEngine.Rendering.Universal.URPDefaultVolumeProfileSettings, Unity.RenderPipelines.Universal.Runtime (1 object)
	UnityEngine.Rendering.Universal.UniversalRenderPipelineDebugShaders, Unity.RenderPipelines.Universal.Runtime (1 object)
	UnityEngine.Rendering.Universal.UniversalRenderPipelineEditorAssets, Unity.RenderPipelines.Universal.Runtime (1 object)
	UnityEngine.Rendering.Universal.UniversalRenderPipelineEditorMaterials, Unity.RenderPipelines.Universal.Runtime (1 object)
	UnityEngine.Rendering.Universal.UniversalRenderPipelineEditorShaders, Unity.RenderPipelines.Universal.Runtime (1 object)
	UnityEngine.Rendering.Universal.UniversalRenderPipelineRuntimeShaders, Unity.RenderPipelines.Universal.Runtime (1 object)
	UnityEngine.Rendering.Universal.UniversalRenderPipelineRuntimeTextures, Unity.RenderPipelines.Universal.Runtime (1 object)
	UnityEngine.Rendering.Universal.UniversalRenderPipelineRuntimeXRResources, Unity.RenderPipelines.Universal.Runtime (1 object)
	UnityEngine.Rendering.Universal.UniversalRendererResources, Unity.RenderPipelines.Universal.Runtime (1 object)
	UnityEngine.Rendering.VrsRenderPipelineRuntimeResources, Unity.RenderPipelines.Core.Runtime (1 object)
 -> (artifact id: '6a370ec495309e8e5c1fdcf32be471da') in 0.0317617 seconds
Number of updated asset objects reloaded before import = 0Number of asset objects unloaded after import = 3

========================================================================
Received Import Request.
  Time since last request: 0.000031 seconds.
  path: Assets/Imported/Wooden Toy Pack/Materials/HammerTable.mat
  artifactKey: Guid(d83b8ce373119104f8fbb8ecef85de78) Importer(815301076,1909f56bfc062723c751e8b465ee728b)
Start importing Assets/Imported/Wooden Toy Pack/Materials/HammerTable.mat using Guid(d83b8ce373119104f8fbb8ecef85de78) Importer(815301076,1909f56bfc062723c751e8b465ee728b) (PreviewImporter)Missing types referenced from component UniversalRenderPipelineGlobalSettings on game object UniversalRenderPipelineGlobalSettings:
	UnityEngine.Rendering.GPUResidentDrawerResources, Unity.RenderPipelines.GPUDriven.Runtime (1 object)
	UnityEngine.Rendering.IncludeAdditionalRPAssets, Unity.RenderPipelines.Core.Runtime (1 object)
	UnityEngine.Rendering.LightmapSamplingSettings, Unity.RenderPipelines.Core.Runtime (1 object)
	UnityEngine.Rendering.ProbeVolumeBakingResources, Unity.RenderPipelines.Core.Runtime (1 object)
	UnityEngine.Rendering.ProbeVolumeDebugResources, Unity.RenderPipelines.Core.Runtime (1 object)
	UnityEngine.Rendering.ProbeVolumeGlobalSettings, Unity.RenderPipelines.Core.Runtime (1 object)
	UnityEngine.Rendering.ProbeVolumeRuntimeResources, Unity.RenderPipelines.Core.Runtime (1 object)
	UnityEngine.Rendering.RenderGraphGlobalSettings, Unity.RenderPipelines.Core.Runtime (1 object)
	UnityEngine.Rendering.RenderGraphModule.Util.RenderGraphUtilsResources, Unity.RenderPipelines.Core.Runtime (1 object)
	UnityEngine.Rendering.STP/RuntimeResources, Unity.RenderPipelines.Core.Runtime (1 object)
	UnityEngine.Rendering.Universal.RenderGraphSettings, Unity.RenderPipelines.Universal.Runtime (1 object)
	UnityEngine.Rendering.Universal.Renderer2DResources, Unity.RenderPipelines.Universal.Runtime (1 object)
	UnityEngine.Rendering.Universal.URPDefaultVolumeProfileSettings, Unity.RenderPipelines.Universal.Runtime (1 object)
	UnityEngine.Rendering.Universal.UniversalRenderPipelineDebugShaders, Unity.RenderPipelines.Universal.Runtime (1 object)
	UnityEngine.Rendering.Universal.UniversalRenderPipelineEditorAssets, Unity.RenderPipelines.Universal.Runtime (1 object)
	UnityEngine.Rendering.Universal.UniversalRenderPipelineEditorMaterials, Unity.RenderPipelines.Universal.Runtime (1 object)
	UnityEngine.Rendering.Universal.UniversalRenderPipelineEditorShaders, Unity.RenderPipelines.Universal.Runtime (1 object)
	UnityEngine.Rendering.Universal.UniversalRenderPipelineRuntimeShaders, Unity.RenderPipelines.Universal.Runtime (1 object)
	UnityEngine.Rendering.Universal.UniversalRenderPipelineRuntimeTextures, Unity.RenderPipelines.Universal.Runtime (1 object)
	UnityEngine.Rendering.Universal.UniversalRenderPipelineRuntimeXRResources, Unity.RenderPipelines.Universal.Runtime (1 object)
	UnityEngine.Rendering.Universal.UniversalRendererResources, Unity.RenderPipelines.Universal.Runtime (1 object)
	UnityEngine.Rendering.VrsRenderPipelineRuntimeResources, Unity.RenderPipelines.Core.Runtime (1 object)
 -> (artifact id: '856b14769f43aeb5a6c3352d20fd60c9') in 0.0396692 seconds
Number of updated asset objects reloaded before import = 0Number of asset objects unloaded after import = 3

========================================================================
Received Import Request.
  Time since last request: 0.000038 seconds.
  path: Assets/Imported/Wooden Toy Pack/Materials/Pond.mat
  artifactKey: Guid(50fb3940a18547a4eafb448da9dc5be5) Importer(815301076,1909f56bfc062723c751e8b465ee728b)
Start importing Assets/Imported/Wooden Toy Pack/Materials/Pond.mat using Guid(50fb3940a18547a4eafb448da9dc5be5) Importer(815301076,1909f56bfc062723c751e8b465ee728b) (PreviewImporter)Missing types referenced from component UniversalRenderPipelineGlobalSettings on game object UniversalRenderPipelineGlobalSettings:
	UnityEngine.Rendering.GPUResidentDrawerResources, Unity.RenderPipelines.GPUDriven.Runtime (1 object)
	UnityEngine.Rendering.IncludeAdditionalRPAssets, Unity.RenderPipelines.Core.Runtime (1 object)
	UnityEngine.Rendering.LightmapSamplingSettings, Unity.RenderPipelines.Core.Runtime (1 object)
	UnityEngine.Rendering.ProbeVolumeBakingResources, Unity.RenderPipelines.Core.Runtime (1 object)
	UnityEngine.Rendering.ProbeVolumeDebugResources, Unity.RenderPipelines.Core.Runtime (1 object)
	UnityEngine.Rendering.ProbeVolumeGlobalSettings, Unity.RenderPipelines.Core.Runtime (1 object)
	UnityEngine.Rendering.ProbeVolumeRuntimeResources, Unity.RenderPipelines.Core.Runtime (1 object)
	UnityEngine.Rendering.RenderGraphGlobalSettings, Unity.RenderPipelines.Core.Runtime (1 object)
	UnityEngine.Rendering.RenderGraphModule.Util.RenderGraphUtilsResources, Unity.RenderPipelines.Core.Runtime (1 object)
	UnityEngine.Rendering.STP/RuntimeResources, Unity.RenderPipelines.Core.Runtime (1 object)
	UnityEngine.Rendering.Universal.RenderGraphSettings, Unity.RenderPipelines.Universal.Runtime (1 object)
	UnityEngine.Rendering.Universal.Renderer2DResources, Unity.RenderPipelines.Universal.Runtime (1 object)
	UnityEngine.Rendering.Universal.URPDefaultVolumeProfileSettings, Unity.RenderPipelines.Universal.Runtime (1 object)
	UnityEngine.Rendering.Universal.UniversalRenderPipelineDebugShaders, Unity.RenderPipelines.Universal.Runtime (1 object)
	UnityEngine.Rendering.Universal.UniversalRenderPipelineEditorAssets, Unity.RenderPipelines.Universal.Runtime (1 object)
	UnityEngine.Rendering.Universal.UniversalRenderPipelineEditorMaterials, Unity.RenderPipelines.Universal.Runtime (1 object)
	UnityEngine.Rendering.Universal.UniversalRenderPipelineEditorShaders, Unity.RenderPipelines.Universal.Runtime (1 object)
	UnityEngine.Rendering.Universal.UniversalRenderPipelineRuntimeShaders, Unity.RenderPipelines.Universal.Runtime (1 object)
	UnityEngine.Rendering.Universal.UniversalRenderPipelineRuntimeTextures, Unity.RenderPipelines.Universal.Runtime (1 object)
	UnityEngine.Rendering.Universal.UniversalRenderPipelineRuntimeXRResources, Unity.RenderPipelines.Universal.Runtime (1 object)
	UnityEngine.Rendering.Universal.UniversalRendererResources, Unity.RenderPipelines.Universal.Runtime (1 object)
	UnityEngine.Rendering.VrsRenderPipelineRuntimeResources, Unity.RenderPipelines.Core.Runtime (1 object)
 -> (artifact id: 'a3464710fa2fff401198857e6cd574dd') in 0.0513464 seconds
Number of updated asset objects reloaded before import = 0Number of asset objects unloaded after import = 3

========================================================================
Received Import Request.
  Time since last request: 0.000031 seconds.
  path: Assets/Imported/Wooden Toy Pack/Materials/OrangeFish.mat
  artifactKey: Guid(0e5a5b9978a2f2640a4505dacce63e4e) Importer(815301076,1909f56bfc062723c751e8b465ee728b)
Start importing Assets/Imported/Wooden Toy Pack/Materials/OrangeFish.mat using Guid(0e5a5b9978a2f2640a4505dacce63e4e) Importer(815301076,1909f56bfc062723c751e8b465ee728b) (PreviewImporter)Missing types referenced from component UniversalRenderPipelineGlobalSettings on game object UniversalRenderPipelineGlobalSettings:
	UnityEngine.Rendering.GPUResidentDrawerResources, Unity.RenderPipelines.GPUDriven.Runtime (1 object)
	UnityEngine.Rendering.IncludeAdditionalRPAssets, Unity.RenderPipelines.Core.Runtime (1 object)
	UnityEngine.Rendering.LightmapSamplingSettings, Unity.RenderPipelines.Core.Runtime (1 object)
	UnityEngine.Rendering.ProbeVolumeBakingResources, Unity.RenderPipelines.Core.Runtime (1 object)
	UnityEngine.Rendering.ProbeVolumeDebugResources, Unity.RenderPipelines.Core.Runtime (1 object)
	UnityEngine.Rendering.ProbeVolumeGlobalSettings, Unity.RenderPipelines.Core.Runtime (1 object)
	UnityEngine.Rendering.ProbeVolumeRuntimeResources, Unity.RenderPipelines.Core.Runtime (1 object)
	UnityEngine.Rendering.RenderGraphGlobalSettings, Unity.RenderPipelines.Core.Runtime (1 object)
	UnityEngine.Rendering.RenderGraphModule.Util.RenderGraphUtilsResources, Unity.RenderPipelines.Core.Runtime (1 object)
	UnityEngine.Rendering.STP/RuntimeResources, Unity.RenderPipelines.Core.Runtime (1 object)
	UnityEngine.Rendering.Universal.RenderGraphSettings, Unity.RenderPipelines.Universal.Runtime (1 object)
	UnityEngine.Rendering.Universal.Renderer2DResources, Unity.RenderPipelines.Universal.Runtime (1 object)
	UnityEngine.Rendering.Universal.URPDefaultVolumeProfileSettings, Unity.RenderPipelines.Universal.Runtime (1 object)
	UnityEngine.Rendering.Universal.UniversalRenderPipelineDebugShaders, Unity.RenderPipelines.Universal.Runtime (1 object)
	UnityEngine.Rendering.Universal.UniversalRenderPipelineEditorAssets, Unity.RenderPipelines.Universal.Runtime (1 object)
	UnityEngine.Rendering.Universal.UniversalRenderPipelineEditorMaterials, Unity.RenderPipelines.Universal.Runtime (1 object)
	UnityEngine.Rendering.Universal.UniversalRenderPipelineEditorShaders, Unity.RenderPipelines.Universal.Runtime (1 object)
	UnityEngine.Rendering.Universal.UniversalRenderPipelineRuntimeShaders, Unity.RenderPipelines.Universal.Runtime (1 object)
	UnityEngine.Rendering.Universal.UniversalRenderPipelineRuntimeTextures, Unity.RenderPipelines.Universal.Runtime (1 object)
	UnityEngine.Rendering.Universal.UniversalRenderPipelineRuntimeXRResources, Unity.RenderPipelines.Universal.Runtime (1 object)
	UnityEngine.Rendering.Universal.UniversalRendererResources, Unity.RenderPipelines.Universal.Runtime (1 object)
	UnityEngine.Rendering.VrsRenderPipelineRuntimeResources, Unity.RenderPipelines.Core.Runtime (1 object)
 -> (artifact id: '6b93f736401bd967559f70daf13da872') in 0.1212596 seconds
Number of updated asset objects reloaded before import = 0Number of asset objects unloaded after import = 3

========================================================================
Received Import Request.
  Time since last request: 0.000036 seconds.
  path: Assets/Imported/Wooden Toy Pack/Materials/Yellow.mat
  artifactKey: Guid(8052509b6e90d994d90a0eedf61cbe92) Importer(815301076,1909f56bfc062723c751e8b465ee728b)
Start importing Assets/Imported/Wooden Toy Pack/Materials/Yellow.mat using Guid(8052509b6e90d994d90a0eedf61cbe92) Importer(815301076,1909f56bfc062723c751e8b465ee728b) (PreviewImporter)Missing types referenced from component UniversalRenderPipelineGlobalSettings on game object UniversalRenderPipelineGlobalSettings:
	UnityEngine.Rendering.GPUResidentDrawerResources, Unity.RenderPipelines.GPUDriven.Runtime (1 object)
	UnityEngine.Rendering.IncludeAdditionalRPAssets, Unity.RenderPipelines.Core.Runtime (1 object)
	UnityEngine.Rendering.LightmapSamplingSettings, Unity.RenderPipelines.Core.Runtime (1 object)
	UnityEngine.Rendering.ProbeVolumeBakingResources, Unity.RenderPipelines.Core.Runtime (1 object)
	UnityEngine.Rendering.ProbeVolumeDebugResources, Unity.RenderPipelines.Core.Runtime (1 object)
	UnityEngine.Rendering.ProbeVolumeGlobalSettings, Unity.RenderPipelines.Core.Runtime (1 object)
	UnityEngine.Rendering.ProbeVolumeRuntimeResources, Unity.RenderPipelines.Core.Runtime (1 object)
	UnityEngine.Rendering.RenderGraphGlobalSettings, Unity.RenderPipelines.Core.Runtime (1 object)
	UnityEngine.Rendering.RenderGraphModule.Util.RenderGraphUtilsResources, Unity.RenderPipelines.Core.Runtime (1 object)
	UnityEngine.Rendering.STP/RuntimeResources, Unity.RenderPipelines.Core.Runtime (1 object)
	UnityEngine.Rendering.Universal.RenderGraphSettings, Unity.RenderPipelines.Universal.Runtime (1 object)
	UnityEngine.Rendering.Universal.Renderer2DResources, Unity.RenderPipelines.Universal.Runtime (1 object)
	UnityEngine.Rendering.Universal.URPDefaultVolumeProfileSettings, Unity.RenderPipelines.Universal.Runtime (1 object)
	UnityEngine.Rendering.Universal.UniversalRenderPipelineDebugShaders, Unity.RenderPipelines.Universal.Runtime (1 object)
	UnityEngine.Rendering.Universal.UniversalRenderPipelineEditorAssets, Unity.RenderPipelines.Universal.Runtime (1 object)
	UnityEngine.Rendering.Universal.UniversalRenderPipelineEditorMaterials, Unity.RenderPipelines.Universal.Runtime (1 object)
	UnityEngine.Rendering.Universal.UniversalRenderPipelineEditorShaders, Unity.RenderPipelines.Universal.Runtime (1 object)
	UnityEngine.Rendering.Universal.UniversalRenderPipelineRuntimeShaders, Unity.RenderPipelines.Universal.Runtime (1 object)
	UnityEngine.Rendering.Universal.UniversalRenderPipelineRuntimeTextures, Unity.RenderPipelines.Universal.Runtime (1 object)
	UnityEngine.Rendering.Universal.UniversalRenderPipelineRuntimeXRResources, Unity.RenderPipelines.Universal.Runtime (1 object)
	UnityEngine.Rendering.Universal.UniversalRendererResources, Unity.RenderPipelines.Universal.Runtime (1 object)
	UnityEngine.Rendering.VrsRenderPipelineRuntimeResources, Unity.RenderPipelines.Core.Runtime (1 object)
 -> (artifact id: 'dfc7b25c064e5cb5b4f248413bc8af4d') in 0.0121561 seconds
Number of updated asset objects reloaded before import = 0Number of asset objects unloaded after import = 3

========================================================================
Received Import Request.
  Time since last request: 0.000028 seconds.
  path: Assets/Imported/Wooden Toy Pack/Materials/WoodenDogBody.mat
  artifactKey: Guid(49d476861a231524bac45571ea7e523e) Importer(815301076,1909f56bfc062723c751e8b465ee728b)
Start importing Assets/Imported/Wooden Toy Pack/Materials/WoodenDogBody.mat using Guid(49d476861a231524bac45571ea7e523e) Importer(815301076,1909f56bfc062723c751e8b465ee728b) (PreviewImporter)Missing types referenced from component UniversalRenderPipelineGlobalSettings on game object UniversalRenderPipelineGlobalSettings:
	UnityEngine.Rendering.GPUResidentDrawerResources, Unity.RenderPipelines.GPUDriven.Runtime (1 object)
	UnityEngine.Rendering.IncludeAdditionalRPAssets, Unity.RenderPipelines.Core.Runtime (1 object)
	UnityEngine.Rendering.LightmapSamplingSettings, Unity.RenderPipelines.Core.Runtime (1 object)
	UnityEngine.Rendering.ProbeVolumeBakingResources, Unity.RenderPipelines.Core.Runtime (1 object)
	UnityEngine.Rendering.ProbeVolumeDebugResources, Unity.RenderPipelines.Core.Runtime (1 object)
	UnityEngine.Rendering.ProbeVolumeGlobalSettings, Unity.RenderPipelines.Core.Runtime (1 object)
	UnityEngine.Rendering.ProbeVolumeRuntimeResources, Unity.RenderPipelines.Core.Runtime (1 object)
	UnityEngine.Rendering.RenderGraphGlobalSettings, Unity.RenderPipelines.Core.Runtime (1 object)
	UnityEngine.Rendering.RenderGraphModule.Util.RenderGraphUtilsResources, Unity.RenderPipelines.Core.Runtime (1 object)
	UnityEngine.Rendering.STP/RuntimeResources, Unity.RenderPipelines.Core.Runtime (1 object)
	UnityEngine.Rendering.Universal.RenderGraphSettings, Unity.RenderPipelines.Universal.Runtime (1 object)
	UnityEngine.Rendering.Universal.Renderer2DResources, Unity.RenderPipelines.Universal.Runtime (1 object)
	UnityEngine.Rendering.Universal.URPDefaultVolumeProfileSettings, Unity.RenderPipelines.Universal.Runtime (1 object)
	UnityEngine.Rendering.Universal.UniversalRenderPipelineDebugShaders, Unity.RenderPipelines.Universal.Runtime (1 object)
	UnityEngine.Rendering.Universal.UniversalRenderPipelineEditorAssets, Unity.RenderPipelines.Universal.Runtime (1 object)
	UnityEngine.Rendering.Universal.UniversalRenderPipelineEditorMaterials, Unity.RenderPipelines.Universal.Runtime (1 object)
	UnityEngine.Rendering.Universal.UniversalRenderPipelineEditorShaders, Unity.RenderPipelines.Universal.Runtime (1 object)
	UnityEngine.Rendering.Universal.UniversalRenderPipelineRuntimeShaders, Unity.RenderPipelines.Universal.Runtime (1 object)
	UnityEngine.Rendering.Universal.UniversalRenderPipelineRuntimeTextures, Unity.RenderPipelines.Universal.Runtime (1 object)
	UnityEngine.Rendering.Universal.UniversalRenderPipelineRuntimeXRResources, Unity.RenderPipelines.Universal.Runtime (1 object)
	UnityEngine.Rendering.Universal.UniversalRendererResources, Unity.RenderPipelines.Universal.Runtime (1 object)
	UnityEngine.Rendering.VrsRenderPipelineRuntimeResources, Unity.RenderPipelines.Core.Runtime (1 object)
 -> (artifact id: '20b2d7c7dc37e248b9b0153498f9771a') in 0.1127691 seconds
Number of updated asset objects reloaded before import = 0Number of asset objects unloaded after import = 3

========================================================================
Received Import Request.
  Time since last request: 2.084994 seconds.
  path: Assets/Imported/Wooden Toy Pack/Materials/PNGs/Hammer.png
  artifactKey: Guid(bb9e60d7b17bf0147af71f03fcf06e25) Importer(815301076,1909f56bfc062723c751e8b465ee728b)
Start importing Assets/Imported/Wooden Toy Pack/Materials/PNGs/Hammer.png using Guid(bb9e60d7b17bf0147af71f03fcf06e25) Importer(815301076,1909f56bfc062723c751e8b465ee728b) (PreviewImporter) -> (artifact id: '1e72194c0f14ca1318e8b1f7339ad155') in 0.0301933 seconds
Number of updated asset objects reloaded before import = 0Number of asset objects unloaded after import = 2

========================================================================
Received Import Request.
  Time since last request: 0.000067 seconds.
  path: Assets/Imported/Wooden Toy Pack/Materials/PNGs/Red.png
  artifactKey: Guid(9d99ea4eb39bb6245ad56c0f775be6b7) Importer(815301076,1909f56bfc062723c751e8b465ee728b)
Start importing Assets/Imported/Wooden Toy Pack/Materials/PNGs/Red.png using Guid(9d99ea4eb39bb6245ad56c0f775be6b7) Importer(815301076,1909f56bfc062723c751e8b465ee728b) (PreviewImporter) -> (artifact id: '8a20128c62c9294d411be300e8d57ca5') in 0.0241576 seconds
Number of updated asset objects reloaded before import = 0Number of asset objects unloaded after import = 2

========================================================================
Received Import Request.
  Time since last request: 0.000066 seconds.
  path: Assets/Imported/Wooden Toy Pack/Materials/PNGs/Rod.png
  artifactKey: Guid(14debe805e78fe84a93538fc7ab7a46b) Importer(815301076,1909f56bfc062723c751e8b465ee728b)
Start importing Assets/Imported/Wooden Toy Pack/Materials/PNGs/Rod.png using Guid(14debe805e78fe84a93538fc7ab7a46b) Importer(815301076,1909f56bfc062723c751e8b465ee728b) (PreviewImporter) -> (artifact id: '2b1a14f9cf5080eeb6d2decb80e678ec') in 0.036628 seconds
Number of updated asset objects reloaded before import = 0Number of asset objects unloaded after import = 2

========================================================================
Received Import Request.
  Time since last request: 0.000044 seconds.
  path: Assets/Imported/Wooden Toy Pack/Materials/PNGs/Plain.png
  artifactKey: Guid(3e04172f14e4dbb4c92f3ed75ef8bf49) Importer(815301076,1909f56bfc062723c751e8b465ee728b)
Start importing Assets/Imported/Wooden Toy Pack/Materials/PNGs/Plain.png using Guid(3e04172f14e4dbb4c92f3ed75ef8bf49) Importer(815301076,1909f56bfc062723c751e8b465ee728b) (PreviewImporter) -> (artifact id: '1ad24d8883649824199cb40b91411b88') in 0.0195026 seconds
Number of updated asset objects reloaded before import = 0Number of asset objects unloaded after import = 2

========================================================================
Received Import Request.
  Time since last request: 0.000041 seconds.
  path: Assets/Imported/Wooden Toy Pack/Materials/PNGs/Pond.png
  artifactKey: Guid(60b3fa08c5f806f4b8fe7bf850777f4e) Importer(815301076,1909f56bfc062723c751e8b465ee728b)
Start importing Assets/Imported/Wooden Toy Pack/Materials/PNGs/Pond.png using Guid(60b3fa08c5f806f4b8fe7bf850777f4e) Importer(815301076,1909f56bfc062723c751e8b465ee728b) (PreviewImporter) -> (artifact id: '77b3b53e288d4f8d591ee9353ebe3d1e') in 0.0191933 seconds
Number of updated asset objects reloaded before import = 0Number of asset objects unloaded after import = 2

========================================================================
Received Import Request.
  Time since last request: 0.000051 seconds.
  path: Assets/Imported/Wooden Toy Pack/Materials/PNGs/Pink.png
  artifactKey: Guid(af71b1e6dca58b34e87a3ca5f5e14705) Importer(815301076,1909f56bfc062723c751e8b465ee728b)
Start importing Assets/Imported/Wooden Toy Pack/Materials/PNGs/Pink.png using Guid(af71b1e6dca58b34e87a3ca5f5e14705) Importer(815301076,1909f56bfc062723c751e8b465ee728b) (PreviewImporter) -> (artifact id: 'b4d6fcbb5035c6e4cb3f23fc40be1524') in 0.0199974 seconds
Number of updated asset objects reloaded before import = 0Number of asset objects unloaded after import = 2

========================================================================
Received Import Request.
  Time since last request: 0.000043 seconds.
  path: Assets/Imported/Wooden Toy Pack/Materials/PNGs/HammerTable.png
  artifactKey: Guid(91dc43b74f817f54ba5f7b640bd05e53) Importer(815301076,1909f56bfc062723c751e8b465ee728b)
Start importing Assets/Imported/Wooden Toy Pack/Materials/PNGs/HammerTable.png using Guid(91dc43b74f817f54ba5f7b640bd05e53) Importer(815301076,1909f56bfc062723c751e8b465ee728b) (PreviewImporter) -> (artifact id: '60fbf40781a96791f97de46023ae4c1d') in 0.0212377 seconds
Number of updated asset objects reloaded before import = 0Number of asset objects unloaded after import = 2

========================================================================
Received Import Request.
  Time since last request: 211.406020 seconds.
  path: Assets/Imported/Wooden Toy Pack/Prefabs/Wooden Blocks/BlockStackFBX.fbx
  artifactKey: Guid(0597b96febae5824e874776f2c5b5c0f) Importer(815301076,1909f56bfc062723c751e8b465ee728b)
Start importing Assets/Imported/Wooden Toy Pack/Prefabs/Wooden Blocks/BlockStackFBX.fbx using Guid(0597b96febae5824e874776f2c5b5c0f) Importer(815301076,1909f56bfc062723c751e8b465ee728b) (PreviewImporter)Missing types referenced from component UniversalRenderPipelineGlobalSettings on game object UniversalRenderPipelineGlobalSettings:
	UnityEngine.Rendering.GPUResidentDrawerResources, Unity.RenderPipelines.GPUDriven.Runtime (1 object)
	UnityEngine.Rendering.IncludeAdditionalRPAssets, Unity.RenderPipelines.Core.Runtime (1 object)
	UnityEngine.Rendering.LightmapSamplingSettings, Unity.RenderPipelines.Core.Runtime (1 object)
	UnityEngine.Rendering.ProbeVolumeBakingResources, Unity.RenderPipelines.Core.Runtime (1 object)
	UnityEngine.Rendering.ProbeVolumeDebugResources, Unity.RenderPipelines.Core.Runtime (1 object)
	UnityEngine.Rendering.ProbeVolumeGlobalSettings, Unity.RenderPipelines.Core.Runtime (1 object)
	UnityEngine.Rendering.ProbeVolumeRuntimeResources, Unity.RenderPipelines.Core.Runtime (1 object)
	UnityEngine.Rendering.RenderGraphGlobalSettings, Unity.RenderPipelines.Core.Runtime (1 object)
	UnityEngine.Rendering.RenderGraphModule.Util.RenderGraphUtilsResources, Unity.RenderPipelines.Core.Runtime (1 object)
	UnityEngine.Rendering.STP/RuntimeResources, Unity.RenderPipelines.Core.Runtime (1 object)
	UnityEngine.Rendering.Universal.RenderGraphSettings, Unity.RenderPipelines.Universal.Runtime (1 object)
	UnityEngine.Rendering.Universal.Renderer2DResources, Unity.RenderPipelines.Universal.Runtime (1 object)
	UnityEngine.Rendering.Universal.URPDefaultVolumeProfileSettings, Unity.RenderPipelines.Universal.Runtime (1 object)
	UnityEngine.Rendering.Universal.UniversalRenderPipelineDebugShaders, Unity.RenderPipelines.Universal.Runtime (1 object)
	UnityEngine.Rendering.Universal.UniversalRenderPipelineEditorAssets, Unity.RenderPipelines.Universal.Runtime (1 object)
	UnityEngine.Rendering.Universal.UniversalRenderPipelineEditorMaterials, Unity.RenderPipelines.Universal.Runtime (1 object)
	UnityEngine.Rendering.Universal.UniversalRenderPipelineEditorShaders, Unity.RenderPipelines.Universal.Runtime (1 object)
	UnityEngine.Rendering.Universal.UniversalRenderPipelineRuntimeShaders, Unity.RenderPipelines.Universal.Runtime (1 object)
	UnityEngine.Rendering.Universal.UniversalRenderPipelineRuntimeTextures, Unity.RenderPipelines.Universal.Runtime (1 object)
	UnityEngine.Rendering.Universal.UniversalRenderPipelineRuntimeXRResources, Unity.RenderPipelines.Universal.Runtime (1 object)
	UnityEngine.Rendering.Universal.UniversalRendererResources, Unity.RenderPipelines.Universal.Runtime (1 object)
	UnityEngine.Rendering.VrsRenderPipelineRuntimeResources, Unity.RenderPipelines.Core.Runtime (1 object)
 -> (artifact id: '70a98d1a0c32076941614832a98d8c39') in 0.1468002 seconds
Number of updated asset objects reloaded before import = 0Number of asset objects unloaded after import = 62

========================================================================
Received Import Request.
  Time since last request: 0.000037 seconds.
  path: Assets/Imported/Wooden Toy Pack/Prefabs/Wooden Blocks/CylinderFBX.fbx
  artifactKey: Guid(63888fea6abb5d740a35681b1c43f06b) Importer(815301076,1909f56bfc062723c751e8b465ee728b)
Start importing Assets/Imported/Wooden Toy Pack/Prefabs/Wooden Blocks/CylinderFBX.fbx using Guid(63888fea6abb5d740a35681b1c43f06b) Importer(815301076,1909f56bfc062723c751e8b465ee728b) (PreviewImporter)Missing types referenced from component UniversalRenderPipelineGlobalSettings on game object UniversalRenderPipelineGlobalSettings:
	UnityEngine.Rendering.GPUResidentDrawerResources, Unity.RenderPipelines.GPUDriven.Runtime (1 object)
	UnityEngine.Rendering.IncludeAdditionalRPAssets, Unity.RenderPipelines.Core.Runtime (1 object)
	UnityEngine.Rendering.LightmapSamplingSettings, Unity.RenderPipelines.Core.Runtime (1 object)
	UnityEngine.Rendering.ProbeVolumeBakingResources, Unity.RenderPipelines.Core.Runtime (1 object)
	UnityEngine.Rendering.ProbeVolumeDebugResources, Unity.RenderPipelines.Core.Runtime (1 object)
	UnityEngine.Rendering.ProbeVolumeGlobalSettings, Unity.RenderPipelines.Core.Runtime (1 object)
	UnityEngine.Rendering.ProbeVolumeRuntimeResources, Unity.RenderPipelines.Core.Runtime (1 object)
	UnityEngine.Rendering.RenderGraphGlobalSettings, Unity.RenderPipelines.Core.Runtime (1 object)
	UnityEngine.Rendering.RenderGraphModule.Util.RenderGraphUtilsResources, Unity.RenderPipelines.Core.Runtime (1 object)
	UnityEngine.Rendering.STP/RuntimeResources, Unity.RenderPipelines.Core.Runtime (1 object)
	UnityEngine.Rendering.Universal.RenderGraphSettings, Unity.RenderPipelines.Universal.Runtime (1 object)
	UnityEngine.Rendering.Universal.Renderer2DResources, Unity.RenderPipelines.Universal.Runtime (1 object)
	UnityEngine.Rendering.Universal.URPDefaultVolumeProfileSettings, Unity.RenderPipelines.Universal.Runtime (1 object)
	UnityEngine.Rendering.Universal.UniversalRenderPipelineDebugShaders, Unity.RenderPipelines.Universal.Runtime (1 object)
	UnityEngine.Rendering.Universal.UniversalRenderPipelineEditorAssets, Unity.RenderPipelines.Universal.Runtime (1 object)
	UnityEngine.Rendering.Universal.UniversalRenderPipelineEditorMaterials, Unity.RenderPipelines.Universal.Runtime (1 object)
	UnityEngine.Rendering.Universal.UniversalRenderPipelineEditorShaders, Unity.RenderPipelines.Universal.Runtime (1 object)
	UnityEngine.Rendering.Universal.UniversalRenderPipelineRuntimeShaders, Unity.RenderPipelines.Universal.Runtime (1 object)
	UnityEngine.Rendering.Universal.UniversalRenderPipelineRuntimeTextures, Unity.RenderPipelines.Universal.Runtime (1 object)
	UnityEngine.Rendering.Universal.UniversalRenderPipelineRuntimeXRResources, Unity.RenderPipelines.Universal.Runtime (1 object)
	UnityEngine.Rendering.Universal.UniversalRendererResources, Unity.RenderPipelines.Universal.Runtime (1 object)
	UnityEngine.Rendering.VrsRenderPipelineRuntimeResources, Unity.RenderPipelines.Core.Runtime (1 object)
 -> (artifact id: '4b6b83cbdbfbd07a984ad35f0f2737c7') in 0.0255926 seconds
Number of updated asset objects reloaded before import = 0Number of asset objects unloaded after import = 11

========================================================================
Received Import Request.
  Time since last request: 0.000035 seconds.
  path: Assets/Imported/Wooden Toy Pack/Prefabs/Wooden Blocks/LargeRectangleFBX.fbx
  artifactKey: Guid(b64e4046e4db5d84bb9e6a7bd5c30b96) Importer(815301076,1909f56bfc062723c751e8b465ee728b)
Start importing Assets/Imported/Wooden Toy Pack/Prefabs/Wooden Blocks/LargeRectangleFBX.fbx using Guid(b64e4046e4db5d84bb9e6a7bd5c30b96) Importer(815301076,1909f56bfc062723c751e8b465ee728b) (PreviewImporter)Missing types referenced from component UniversalRenderPipelineGlobalSettings on game object UniversalRenderPipelineGlobalSettings:
	UnityEngine.Rendering.GPUResidentDrawerResources, Unity.RenderPipelines.GPUDriven.Runtime (1 object)
	UnityEngine.Rendering.IncludeAdditionalRPAssets, Unity.RenderPipelines.Core.Runtime (1 object)
	UnityEngine.Rendering.LightmapSamplingSettings, Unity.RenderPipelines.Core.Runtime (1 object)
	UnityEngine.Rendering.ProbeVolumeBakingResources, Unity.RenderPipelines.Core.Runtime (1 object)
	UnityEngine.Rendering.ProbeVolumeDebugResources, Unity.RenderPipelines.Core.Runtime (1 object)
	UnityEngine.Rendering.ProbeVolumeGlobalSettings, Unity.RenderPipelines.Core.Runtime (1 object)
	UnityEngine.Rendering.ProbeVolumeRuntimeResources, Unity.RenderPipelines.Core.Runtime (1 object)
	UnityEngine.Rendering.RenderGraphGlobalSettings, Unity.RenderPipelines.Core.Runtime (1 object)
	UnityEngine.Rendering.RenderGraphModule.Util.RenderGraphUtilsResources, Unity.RenderPipelines.Core.Runtime (1 object)
	UnityEngine.Rendering.STP/RuntimeResources, Unity.RenderPipelines.Core.Runtime (1 object)
	UnityEngine.Rendering.Universal.RenderGraphSettings, Unity.RenderPipelines.Universal.Runtime (1 object)
	UnityEngine.Rendering.Universal.Renderer2DResources, Unity.RenderPipelines.Universal.Runtime (1 object)
	UnityEngine.Rendering.Universal.URPDefaultVolumeProfileSettings, Unity.RenderPipelines.Universal.Runtime (1 object)
	UnityEngine.Rendering.Universal.UniversalRenderPipelineDebugShaders, Unity.RenderPipelines.Universal.Runtime (1 object)
	UnityEngine.Rendering.Universal.UniversalRenderPipelineEditorAssets, Unity.RenderPipelines.Universal.Runtime (1 object)
	UnityEngine.Rendering.Universal.UniversalRenderPipelineEditorMaterials, Unity.RenderPipelines.Universal.Runtime (1 object)
	UnityEngine.Rendering.Universal.UniversalRenderPipelineEditorShaders, Unity.RenderPipelines.Universal.Runtime (1 object)
	UnityEngine.Rendering.Universal.UniversalRenderPipelineRuntimeShaders, Unity.RenderPipelines.Universal.Runtime (1 object)
	UnityEngine.Rendering.Universal.UniversalRenderPipelineRuntimeTextures, Unity.RenderPipelines.Universal.Runtime (1 object)
	UnityEngine.Rendering.Universal.UniversalRenderPipelineRuntimeXRResources, Unity.RenderPipelines.Universal.Runtime (1 object)
	UnityEngine.Rendering.Universal.UniversalRendererResources, Unity.RenderPipelines.Universal.Runtime (1 object)
	UnityEngine.Rendering.VrsRenderPipelineRuntimeResources, Unity.RenderPipelines.Core.Runtime (1 object)
 -> (artifact id: '8955fc603650e6ca73a2113a90038769') in 0.0355976 seconds
Number of updated asset objects reloaded before import = 0Number of asset objects unloaded after import = 11

========================================================================
Received Import Request.
  Time since last request: 0.000031 seconds.
  path: Assets/Imported/Wooden Toy Pack/Prefabs/Wooden Blocks/LargeRectangle.prefab
  artifactKey: Guid(febf9a717e0afef43a1c8e1c34b915b6) Importer(815301076,1909f56bfc062723c751e8b465ee728b)
Start importing Assets/Imported/Wooden Toy Pack/Prefabs/Wooden Blocks/LargeRectangle.prefab using Guid(febf9a717e0afef43a1c8e1c34b915b6) Importer(815301076,1909f56bfc062723c751e8b465ee728b) (PreviewImporter)Missing types referenced from component UniversalRenderPipelineGlobalSettings on game object UniversalRenderPipelineGlobalSettings:
	UnityEngine.Rendering.GPUResidentDrawerResources, Unity.RenderPipelines.GPUDriven.Runtime (1 object)
	UnityEngine.Rendering.IncludeAdditionalRPAssets, Unity.RenderPipelines.Core.Runtime (1 object)
	UnityEngine.Rendering.LightmapSamplingSettings, Unity.RenderPipelines.Core.Runtime (1 object)
	UnityEngine.Rendering.ProbeVolumeBakingResources, Unity.RenderPipelines.Core.Runtime (1 object)
	UnityEngine.Rendering.ProbeVolumeDebugResources, Unity.RenderPipelines.Core.Runtime (1 object)
	UnityEngine.Rendering.ProbeVolumeGlobalSettings, Unity.RenderPipelines.Core.Runtime (1 object)
	UnityEngine.Rendering.ProbeVolumeRuntimeResources, Unity.RenderPipelines.Core.Runtime (1 object)
	UnityEngine.Rendering.RenderGraphGlobalSettings, Unity.RenderPipelines.Core.Runtime (1 object)
	UnityEngine.Rendering.RenderGraphModule.Util.RenderGraphUtilsResources, Unity.RenderPipelines.Core.Runtime (1 object)
	UnityEngine.Rendering.STP/RuntimeResources, Unity.RenderPipelines.Core.Runtime (1 object)
	UnityEngine.Rendering.Universal.RenderGraphSettings, Unity.RenderPipelines.Universal.Runtime (1 object)
	UnityEngine.Rendering.Universal.Renderer2DResources, Unity.RenderPipelines.Universal.Runtime (1 object)
	UnityEngine.Rendering.Universal.URPDefaultVolumeProfileSettings, Unity.RenderPipelines.Universal.Runtime (1 object)
	UnityEngine.Rendering.Universal.UniversalRenderPipelineDebugShaders, Unity.RenderPipelines.Universal.Runtime (1 object)
	UnityEngine.Rendering.Universal.UniversalRenderPipelineEditorAssets, Unity.RenderPipelines.Universal.Runtime (1 object)
	UnityEngine.Rendering.Universal.UniversalRenderPipelineEditorMaterials, Unity.RenderPipelines.Universal.Runtime (1 object)
	UnityEngine.Rendering.Universal.UniversalRenderPipelineEditorShaders, Unity.RenderPipelines.Universal.Runtime (1 object)
	UnityEngine.Rendering.Universal.UniversalRenderPipelineRuntimeShaders, Unity.RenderPipelines.Universal.Runtime (1 object)
	UnityEngine.Rendering.Universal.UniversalRenderPipelineRuntimeTextures, Unity.RenderPipelines.Universal.Runtime (1 object)
	UnityEngine.Rendering.Universal.UniversalRenderPipelineRuntimeXRResources, Unity.RenderPipelines.Universal.Runtime (1 object)
	UnityEngine.Rendering.Universal.UniversalRendererResources, Unity.RenderPipelines.Universal.Runtime (1 object)
	UnityEngine.Rendering.VrsRenderPipelineRuntimeResources, Unity.RenderPipelines.Core.Runtime (1 object)
 -> (artifact id: '4dd4c3d82fdb8ec41a892ef09760de66') in 0.023952 seconds
Number of updated asset objects reloaded before import = 0Number of asset objects unloaded after import = 12

========================================================================
Received Import Request.
  Time since last request: 0.000043 seconds.
  path: Assets/Imported/Wooden Toy Pack/Prefabs/Wooden Blocks/TunnelFBX.fbx
  artifactKey: Guid(983a864f722f7e940b72f59de68268de) Importer(815301076,1909f56bfc062723c751e8b465ee728b)
Start importing Assets/Imported/Wooden Toy Pack/Prefabs/Wooden Blocks/TunnelFBX.fbx using Guid(983a864f722f7e940b72f59de68268de) Importer(815301076,1909f56bfc062723c751e8b465ee728b) (PreviewImporter)Missing types referenced from component UniversalRenderPipelineGlobalSettings on game object UniversalRenderPipelineGlobalSettings:
	UnityEngine.Rendering.GPUResidentDrawerResources, Unity.RenderPipelines.GPUDriven.Runtime (1 object)
	UnityEngine.Rendering.IncludeAdditionalRPAssets, Unity.RenderPipelines.Core.Runtime (1 object)
	UnityEngine.Rendering.LightmapSamplingSettings, Unity.RenderPipelines.Core.Runtime (1 object)
	UnityEngine.Rendering.ProbeVolumeBakingResources, Unity.RenderPipelines.Core.Runtime (1 object)
	UnityEngine.Rendering.ProbeVolumeDebugResources, Unity.RenderPipelines.Core.Runtime (1 object)
	UnityEngine.Rendering.ProbeVolumeGlobalSettings, Unity.RenderPipelines.Core.Runtime (1 object)
	UnityEngine.Rendering.ProbeVolumeRuntimeResources, Unity.RenderPipelines.Core.Runtime (1 object)
	UnityEngine.Rendering.RenderGraphGlobalSettings, Unity.RenderPipelines.Core.Runtime (1 object)
	UnityEngine.Rendering.RenderGraphModule.Util.RenderGraphUtilsResources, Unity.RenderPipelines.Core.Runtime (1 object)
	UnityEngine.Rendering.STP/RuntimeResources, Unity.RenderPipelines.Core.Runtime (1 object)
	UnityEngine.Rendering.Universal.RenderGraphSettings, Unity.RenderPipelines.Universal.Runtime (1 object)
	UnityEngine.Rendering.Universal.Renderer2DResources, Unity.RenderPipelines.Universal.Runtime (1 object)
	UnityEngine.Rendering.Universal.URPDefaultVolumeProfileSettings, Unity.RenderPipelines.Universal.Runtime (1 object)
	UnityEngine.Rendering.Universal.UniversalRenderPipelineDebugShaders, Unity.RenderPipelines.Universal.Runtime (1 object)
	UnityEngine.Rendering.Universal.UniversalRenderPipelineEditorAssets, Unity.RenderPipelines.Universal.Runtime (1 object)
	UnityEngine.Rendering.Universal.UniversalRenderPipelineEditorMaterials, Unity.RenderPipelines.Universal.Runtime (1 object)
	UnityEngine.Rendering.Universal.UniversalRenderPipelineEditorShaders, Unity.RenderPipelines.Universal.Runtime (1 object)
	UnityEngine.Rendering.Universal.UniversalRenderPipelineRuntimeShaders, Unity.RenderPipelines.Universal.Runtime (1 object)
	UnityEngine.Rendering.Universal.UniversalRenderPipelineRuntimeTextures, Unity.RenderPipelines.Universal.Runtime (1 object)
	UnityEngine.Rendering.Universal.UniversalRenderPipelineRuntimeXRResources, Unity.RenderPipelines.Universal.Runtime (1 object)
	UnityEngine.Rendering.Universal.UniversalRendererResources, Unity.RenderPipelines.Universal.Runtime (1 object)
	UnityEngine.Rendering.VrsRenderPipelineRuntimeResources, Unity.RenderPipelines.Core.Runtime (1 object)
 -> (artifact id: 'db4ca64bfbb1f9042dd51f4a45a33f11') in 0.0263182 seconds
Number of updated asset objects reloaded before import = 0Number of asset objects unloaded after import = 11

========================================================================
Received Import Request.
  Time since last request: 0.000028 seconds.
  path: Assets/Imported/Wooden Toy Pack/Prefabs/Wooden Blocks/ThinRectangleFBX.fbx
  artifactKey: Guid(0e02c0be84b0ccb44b18bff1145c7126) Importer(815301076,1909f56bfc062723c751e8b465ee728b)
Start importing Assets/Imported/Wooden Toy Pack/Prefabs/Wooden Blocks/ThinRectangleFBX.fbx using Guid(0e02c0be84b0ccb44b18bff1145c7126) Importer(815301076,1909f56bfc062723c751e8b465ee728b) (PreviewImporter)Missing types referenced from component UniversalRenderPipelineGlobalSettings on game object UniversalRenderPipelineGlobalSettings:
	UnityEngine.Rendering.GPUResidentDrawerResources, Unity.RenderPipelines.GPUDriven.Runtime (1 object)
	UnityEngine.Rendering.IncludeAdditionalRPAssets, Unity.RenderPipelines.Core.Runtime (1 object)
	UnityEngine.Rendering.LightmapSamplingSettings, Unity.RenderPipelines.Core.Runtime (1 object)
	UnityEngine.Rendering.ProbeVolumeBakingResources, Unity.RenderPipelines.Core.Runtime (1 object)
	UnityEngine.Rendering.ProbeVolumeDebugResources, Unity.RenderPipelines.Core.Runtime (1 object)
	UnityEngine.Rendering.ProbeVolumeGlobalSettings, Unity.RenderPipelines.Core.Runtime (1 object)
	UnityEngine.Rendering.ProbeVolumeRuntimeResources, Unity.RenderPipelines.Core.Runtime (1 object)
	UnityEngine.Rendering.RenderGraphGlobalSettings, Unity.RenderPipelines.Core.Runtime (1 object)
	UnityEngine.Rendering.RenderGraphModule.Util.RenderGraphUtilsResources, Unity.RenderPipelines.Core.Runtime (1 object)
	UnityEngine.Rendering.STP/RuntimeResources, Unity.RenderPipelines.Core.Runtime (1 object)
	UnityEngine.Rendering.Universal.RenderGraphSettings, Unity.RenderPipelines.Universal.Runtime (1 object)
	UnityEngine.Rendering.Universal.Renderer2DResources, Unity.RenderPipelines.Universal.Runtime (1 object)
	UnityEngine.Rendering.Universal.URPDefaultVolumeProfileSettings, Unity.RenderPipelines.Universal.Runtime (1 object)
	UnityEngine.Rendering.Universal.UniversalRenderPipelineDebugShaders, Unity.RenderPipelines.Universal.Runtime (1 object)
	UnityEngine.Rendering.Universal.UniversalRenderPipelineEditorAssets, Unity.RenderPipelines.Universal.Runtime (1 object)
	UnityEngine.Rendering.Universal.UniversalRenderPipelineEditorMaterials, Unity.RenderPipelines.Universal.Runtime (1 object)
	UnityEngine.Rendering.Universal.UniversalRenderPipelineEditorShaders, Unity.RenderPipelines.Universal.Runtime (1 object)
	UnityEngine.Rendering.Universal.UniversalRenderPipelineRuntimeShaders, Unity.RenderPipelines.Universal.Runtime (1 object)
	UnityEngine.Rendering.Universal.UniversalRenderPipelineRuntimeTextures, Unity.RenderPipelines.Universal.Runtime (1 object)
	UnityEngine.Rendering.Universal.UniversalRenderPipelineRuntimeXRResources, Unity.RenderPipelines.Universal.Runtime (1 object)
	UnityEngine.Rendering.Universal.UniversalRendererResources, Unity.RenderPipelines.Universal.Runtime (1 object)
	UnityEngine.Rendering.VrsRenderPipelineRuntimeResources, Unity.RenderPipelines.Core.Runtime (1 object)
 -> (artifact id: '5f68e27a7eecbfc382a5e43be46441eb') in 0.0274296 seconds
Number of updated asset objects reloaded before import = 0Number of asset objects unloaded after import = 11

========================================================================
Received Import Request.
  Time since last request: 0.000030 seconds.
  path: Assets/Imported/Wooden Toy Pack/Prefabs/Wooden Blocks/HalfCircleFBX.fbx
  artifactKey: Guid(ca79ff5eeb4dc5a40b7c2f0303716043) Importer(815301076,1909f56bfc062723c751e8b465ee728b)
Start importing Assets/Imported/Wooden Toy Pack/Prefabs/Wooden Blocks/HalfCircleFBX.fbx using Guid(ca79ff5eeb4dc5a40b7c2f0303716043) Importer(815301076,1909f56bfc062723c751e8b465ee728b) (PreviewImporter)Missing types referenced from component UniversalRenderPipelineGlobalSettings on game object UniversalRenderPipelineGlobalSettings:
	UnityEngine.Rendering.GPUResidentDrawerResources, Unity.RenderPipelines.GPUDriven.Runtime (1 object)
	UnityEngine.Rendering.IncludeAdditionalRPAssets, Unity.RenderPipelines.Core.Runtime (1 object)
	UnityEngine.Rendering.LightmapSamplingSettings, Unity.RenderPipelines.Core.Runtime (1 object)
	UnityEngine.Rendering.ProbeVolumeBakingResources, Unity.RenderPipelines.Core.Runtime (1 object)
	UnityEngine.Rendering.ProbeVolumeDebugResources, Unity.RenderPipelines.Core.Runtime (1 object)
	UnityEngine.Rendering.ProbeVolumeGlobalSettings, Unity.RenderPipelines.Core.Runtime (1 object)
	UnityEngine.Rendering.ProbeVolumeRuntimeResources, Unity.RenderPipelines.Core.Runtime (1 object)
	UnityEngine.Rendering.RenderGraphGlobalSettings, Unity.RenderPipelines.Core.Runtime (1 object)
	UnityEngine.Rendering.RenderGraphModule.Util.RenderGraphUtilsResources, Unity.RenderPipelines.Core.Runtime (1 object)
	UnityEngine.Rendering.STP/RuntimeResources, Unity.RenderPipelines.Core.Runtime (1 object)
	UnityEngine.Rendering.Universal.RenderGraphSettings, Unity.RenderPipelines.Universal.Runtime (1 object)
	UnityEngine.Rendering.Universal.Renderer2DResources, Unity.RenderPipelines.Universal.Runtime (1 object)
	UnityEngine.Rendering.Universal.URPDefaultVolumeProfileSettings, Unity.RenderPipelines.Universal.Runtime (1 object)
	UnityEngine.Rendering.Universal.UniversalRenderPipelineDebugShaders, Unity.RenderPipelines.Universal.Runtime (1 object)
	UnityEngine.Rendering.Universal.UniversalRenderPipelineEditorAssets, Unity.RenderPipelines.Universal.Runtime (1 object)
	UnityEngine.Rendering.Universal.UniversalRenderPipelineEditorMaterials, Unity.RenderPipelines.Universal.Runtime (1 object)
	UnityEngine.Rendering.Universal.UniversalRenderPipelineEditorShaders, Unity.RenderPipelines.Universal.Runtime (1 object)
	UnityEngine.Rendering.Universal.UniversalRenderPipelineRuntimeShaders, Unity.RenderPipelines.Universal.Runtime (1 object)
	UnityEngine.Rendering.Universal.UniversalRenderPipelineRuntimeTextures, Unity.RenderPipelines.Universal.Runtime (1 object)
	UnityEngine.Rendering.Universal.UniversalRenderPipelineRuntimeXRResources, Unity.RenderPipelines.Universal.Runtime (1 object)
	UnityEngine.Rendering.Universal.UniversalRendererResources, Unity.RenderPipelines.Universal.Runtime (1 object)
	UnityEngine.Rendering.VrsRenderPipelineRuntimeResources, Unity.RenderPipelines.Core.Runtime (1 object)
 -> (artifact id: '9a3157e5146396b72762bb94303999d2') in 0.0293985 seconds
Number of updated asset objects reloaded before import = 0Number of asset objects unloaded after import = 11

========================================================================
Received Import Request.
  Time since last request: 0.000024 seconds.
  path: Assets/Imported/Wooden Toy Pack/Prefabs/Wooden Blocks/LargeTriangleFBX.fbx
  artifactKey: Guid(d7033beace962d54bbbd3c23912913ce) Importer(815301076,1909f56bfc062723c751e8b465ee728b)
Start importing Assets/Imported/Wooden Toy Pack/Prefabs/Wooden Blocks/LargeTriangleFBX.fbx using Guid(d7033beace962d54bbbd3c23912913ce) Importer(815301076,1909f56bfc062723c751e8b465ee728b) (PreviewImporter)Missing types referenced from component UniversalRenderPipelineGlobalSettings on game object UniversalRenderPipelineGlobalSettings:
	UnityEngine.Rendering.GPUResidentDrawerResources, Unity.RenderPipelines.GPUDriven.Runtime (1 object)
	UnityEngine.Rendering.IncludeAdditionalRPAssets, Unity.RenderPipelines.Core.Runtime (1 object)
	UnityEngine.Rendering.LightmapSamplingSettings, Unity.RenderPipelines.Core.Runtime (1 object)
	UnityEngine.Rendering.ProbeVolumeBakingResources, Unity.RenderPipelines.Core.Runtime (1 object)
	UnityEngine.Rendering.ProbeVolumeDebugResources, Unity.RenderPipelines.Core.Runtime (1 object)
	UnityEngine.Rendering.ProbeVolumeGlobalSettings, Unity.RenderPipelines.Core.Runtime (1 object)
	UnityEngine.Rendering.ProbeVolumeRuntimeResources, Unity.RenderPipelines.Core.Runtime (1 object)
	UnityEngine.Rendering.RenderGraphGlobalSettings, Unity.RenderPipelines.Core.Runtime (1 object)
	UnityEngine.Rendering.RenderGraphModule.Util.RenderGraphUtilsResources, Unity.RenderPipelines.Core.Runtime (1 object)
	UnityEngine.Rendering.STP/RuntimeResources, Unity.RenderPipelines.Core.Runtime (1 object)
	UnityEngine.Rendering.Universal.RenderGraphSettings, Unity.RenderPipelines.Universal.Runtime (1 object)
	UnityEngine.Rendering.Universal.Renderer2DResources, Unity.RenderPipelines.Universal.Runtime (1 object)
	UnityEngine.Rendering.Universal.URPDefaultVolumeProfileSettings, Unity.RenderPipelines.Universal.Runtime (1 object)
	UnityEngine.Rendering.Universal.UniversalRenderPipelineDebugShaders, Unity.RenderPipelines.Universal.Runtime (1 object)
	UnityEngine.Rendering.Universal.UniversalRenderPipelineEditorAssets, Unity.RenderPipelines.Universal.Runtime (1 object)
	UnityEngine.Rendering.Universal.UniversalRenderPipelineEditorMaterials, Unity.RenderPipelines.Universal.Runtime (1 object)
	UnityEngine.Rendering.Universal.UniversalRenderPipelineEditorShaders, Unity.RenderPipelines.Universal.Runtime (1 object)
	UnityEngine.Rendering.Universal.UniversalRenderPipelineRuntimeShaders, Unity.RenderPipelines.Universal.Runtime (1 object)
	UnityEngine.Rendering.Universal.UniversalRenderPipelineRuntimeTextures, Unity.RenderPipelines.Universal.Runtime (1 object)
	UnityEngine.Rendering.Universal.UniversalRenderPipelineRuntimeXRResources, Unity.RenderPipelines.Universal.Runtime (1 object)
	UnityEngine.Rendering.Universal.UniversalRendererResources, Unity.RenderPipelines.Universal.Runtime (1 object)
	UnityEngine.Rendering.VrsRenderPipelineRuntimeResources, Unity.RenderPipelines.Core.Runtime (1 object)
 -> (artifact id: '44273bbf944e3894aa4603b984893cb7') in 0.0270882 seconds
Number of updated asset objects reloaded before import = 0Number of asset objects unloaded after import = 11

========================================================================
Received Import Request.
  Time since last request: 0.000023 seconds.
  path: Assets/Imported/Wooden Toy Pack/Prefabs/Wooden Blocks/Cylinder.prefab
  artifactKey: Guid(62c84c0182913fe4aaf19fadd71463a7) Importer(815301076,1909f56bfc062723c751e8b465ee728b)
Start importing Assets/Imported/Wooden Toy Pack/Prefabs/Wooden Blocks/Cylinder.prefab using Guid(62c84c0182913fe4aaf19fadd71463a7) Importer(815301076,1909f56bfc062723c751e8b465ee728b) (PreviewImporter)Missing types referenced from component UniversalRenderPipelineGlobalSettings on game object UniversalRenderPipelineGlobalSettings:
	UnityEngine.Rendering.GPUResidentDrawerResources, Unity.RenderPipelines.GPUDriven.Runtime (1 object)
	UnityEngine.Rendering.IncludeAdditionalRPAssets, Unity.RenderPipelines.Core.Runtime (1 object)
	UnityEngine.Rendering.LightmapSamplingSettings, Unity.RenderPipelines.Core.Runtime (1 object)
	UnityEngine.Rendering.ProbeVolumeBakingResources, Unity.RenderPipelines.Core.Runtime (1 object)
	UnityEngine.Rendering.ProbeVolumeDebugResources, Unity.RenderPipelines.Core.Runtime (1 object)
	UnityEngine.Rendering.ProbeVolumeGlobalSettings, Unity.RenderPipelines.Core.Runtime (1 object)
	UnityEngine.Rendering.ProbeVolumeRuntimeResources, Unity.RenderPipelines.Core.Runtime (1 object)
	UnityEngine.Rendering.RenderGraphGlobalSettings, Unity.RenderPipelines.Core.Runtime (1 object)
	UnityEngine.Rendering.RenderGraphModule.Util.RenderGraphUtilsResources, Unity.RenderPipelines.Core.Runtime (1 object)
	UnityEngine.Rendering.STP/RuntimeResources, Unity.RenderPipelines.Core.Runtime (1 object)
	UnityEngine.Rendering.Universal.RenderGraphSettings, Unity.RenderPipelines.Universal.Runtime (1 object)
	UnityEngine.Rendering.Universal.Renderer2DResources, Unity.RenderPipelines.Universal.Runtime (1 object)
	UnityEngine.Rendering.Universal.URPDefaultVolumeProfileSettings, Unity.RenderPipelines.Universal.Runtime (1 object)
	UnityEngine.Rendering.Universal.UniversalRenderPipelineDebugShaders, Unity.RenderPipelines.Universal.Runtime (1 object)
	UnityEngine.Rendering.Universal.UniversalRenderPipelineEditorAssets, Unity.RenderPipelines.Universal.Runtime (1 object)
	UnityEngine.Rendering.Universal.UniversalRenderPipelineEditorMaterials, Unity.RenderPipelines.Universal.Runtime (1 object)
	UnityEngine.Rendering.Universal.UniversalRenderPipelineEditorShaders, Unity.RenderPipelines.Universal.Runtime (1 object)
	UnityEngine.Rendering.Universal.UniversalRenderPipelineRuntimeShaders, Unity.RenderPipelines.Universal.Runtime (1 object)
	UnityEngine.Rendering.Universal.UniversalRenderPipelineRuntimeTextures, Unity.RenderPipelines.Universal.Runtime (1 object)
	UnityEngine.Rendering.Universal.UniversalRenderPipelineRuntimeXRResources, Unity.RenderPipelines.Universal.Runtime (1 object)
	UnityEngine.Rendering.Universal.UniversalRendererResources, Unity.RenderPipelines.Universal.Runtime (1 object)
	UnityEngine.Rendering.VrsRenderPipelineRuntimeResources, Unity.RenderPipelines.Core.Runtime (1 object)
 -> (artifact id: 'b6c74a9c5b75a10753e90e1d5d09d5cd') in 0.0228187 seconds
Number of updated asset objects reloaded before import = 0Number of asset objects unloaded after import = 12

========================================================================
Received Import Request.
  Time since last request: 0.000045 seconds.
  path: Assets/Imported/Wooden Toy Pack/Prefabs/Wooden Blocks/HalfCircle.prefab
  artifactKey: Guid(70e8fc9d4f02f214d8b11106f851ac75) Importer(815301076,1909f56bfc062723c751e8b465ee728b)
Start importing Assets/Imported/Wooden Toy Pack/Prefabs/Wooden Blocks/HalfCircle.prefab using Guid(70e8fc9d4f02f214d8b11106f851ac75) Importer(815301076,1909f56bfc062723c751e8b465ee728b) (PreviewImporter)Missing types referenced from component UniversalRenderPipelineGlobalSettings on game object UniversalRenderPipelineGlobalSettings:
	UnityEngine.Rendering.GPUResidentDrawerResources, Unity.RenderPipelines.GPUDriven.Runtime (1 object)
	UnityEngine.Rendering.IncludeAdditionalRPAssets, Unity.RenderPipelines.Core.Runtime (1 object)
	UnityEngine.Rendering.LightmapSamplingSettings, Unity.RenderPipelines.Core.Runtime (1 object)
	UnityEngine.Rendering.ProbeVolumeBakingResources, Unity.RenderPipelines.Core.Runtime (1 object)
	UnityEngine.Rendering.ProbeVolumeDebugResources, Unity.RenderPipelines.Core.Runtime (1 object)
	UnityEngine.Rendering.ProbeVolumeGlobalSettings, Unity.RenderPipelines.Core.Runtime (1 object)
	UnityEngine.Rendering.ProbeVolumeRuntimeResources, Unity.RenderPipelines.Core.Runtime (1 object)
	UnityEngine.Rendering.RenderGraphGlobalSettings, Unity.RenderPipelines.Core.Runtime (1 object)
	UnityEngine.Rendering.RenderGraphModule.Util.RenderGraphUtilsResources, Unity.RenderPipelines.Core.Runtime (1 object)
	UnityEngine.Rendering.STP/RuntimeResources, Unity.RenderPipelines.Core.Runtime (1 object)
	UnityEngine.Rendering.Universal.RenderGraphSettings, Unity.RenderPipelines.Universal.Runtime (1 object)
	UnityEngine.Rendering.Universal.Renderer2DResources, Unity.RenderPipelines.Universal.Runtime (1 object)
	UnityEngine.Rendering.Universal.URPDefaultVolumeProfileSettings, Unity.RenderPipelines.Universal.Runtime (1 object)
	UnityEngine.Rendering.Universal.UniversalRenderPipelineDebugShaders, Unity.RenderPipelines.Universal.Runtime (1 object)
	UnityEngine.Rendering.Universal.UniversalRenderPipelineEditorAssets, Unity.RenderPipelines.Universal.Runtime (1 object)
	UnityEngine.Rendering.Universal.UniversalRenderPipelineEditorMaterials, Unity.RenderPipelines.Universal.Runtime (1 object)
	UnityEngine.Rendering.Universal.UniversalRenderPipelineEditorShaders, Unity.RenderPipelines.Universal.Runtime (1 object)
	UnityEngine.Rendering.Universal.UniversalRenderPipelineRuntimeShaders, Unity.RenderPipelines.Universal.Runtime (1 object)
	UnityEngine.Rendering.Universal.UniversalRenderPipelineRuntimeTextures, Unity.RenderPipelines.Universal.Runtime (1 object)
	UnityEngine.Rendering.Universal.UniversalRenderPipelineRuntimeXRResources, Unity.RenderPipelines.Universal.Runtime (1 object)
	UnityEngine.Rendering.Universal.UniversalRendererResources, Unity.RenderPipelines.Universal.Runtime (1 object)
	UnityEngine.Rendering.VrsRenderPipelineRuntimeResources, Unity.RenderPipelines.Core.Runtime (1 object)
 -> (artifact id: 'ccc49f69dd2a034c67f830cf15492d56') in 0.0236606 seconds
Number of updated asset objects reloaded before import = 0Number of asset objects unloaded after import = 12

========================================================================
Received Import Request.
  Time since last request: 0.000034 seconds.
  path: Assets/Imported/Wooden Toy Pack/Prefabs/Wooden Blocks/Square.prefab
  artifactKey: Guid(a4f014d91ec87924d89568b3dc1ce1ef) Importer(815301076,1909f56bfc062723c751e8b465ee728b)
Start importing Assets/Imported/Wooden Toy Pack/Prefabs/Wooden Blocks/Square.prefab using Guid(a4f014d91ec87924d89568b3dc1ce1ef) Importer(815301076,1909f56bfc062723c751e8b465ee728b) (PreviewImporter)Missing types referenced from component UniversalRenderPipelineGlobalSettings on game object UniversalRenderPipelineGlobalSettings:
	UnityEngine.Rendering.GPUResidentDrawerResources, Unity.RenderPipelines.GPUDriven.Runtime (1 object)
	UnityEngine.Rendering.IncludeAdditionalRPAssets, Unity.RenderPipelines.Core.Runtime (1 object)
	UnityEngine.Rendering.LightmapSamplingSettings, Unity.RenderPipelines.Core.Runtime (1 object)
	UnityEngine.Rendering.ProbeVolumeBakingResources, Unity.RenderPipelines.Core.Runtime (1 object)
	UnityEngine.Rendering.ProbeVolumeDebugResources, Unity.RenderPipelines.Core.Runtime (1 object)
	UnityEngine.Rendering.ProbeVolumeGlobalSettings, Unity.RenderPipelines.Core.Runtime (1 object)
	UnityEngine.Rendering.ProbeVolumeRuntimeResources, Unity.RenderPipelines.Core.Runtime (1 object)
	UnityEngine.Rendering.RenderGraphGlobalSettings, Unity.RenderPipelines.Core.Runtime (1 object)
	UnityEngine.Rendering.RenderGraphModule.Util.RenderGraphUtilsResources, Unity.RenderPipelines.Core.Runtime (1 object)
	UnityEngine.Rendering.STP/RuntimeResources, Unity.RenderPipelines.Core.Runtime (1 object)
	UnityEngine.Rendering.Universal.RenderGraphSettings, Unity.RenderPipelines.Universal.Runtime (1 object)
	UnityEngine.Rendering.Universal.Renderer2DResources, Unity.RenderPipelines.Universal.Runtime (1 object)
	UnityEngine.Rendering.Universal.URPDefaultVolumeProfileSettings, Unity.RenderPipelines.Universal.Runtime (1 object)
	UnityEngine.Rendering.Universal.UniversalRenderPipelineDebugShaders, Unity.RenderPipelines.Universal.Runtime (1 object)
	UnityEngine.Rendering.Universal.UniversalRenderPipelineEditorAssets, Unity.RenderPipelines.Universal.Runtime (1 object)
	UnityEngine.Rendering.Universal.UniversalRenderPipelineEditorMaterials, Unity.RenderPipelines.Universal.Runtime (1 object)
	UnityEngine.Rendering.Universal.UniversalRenderPipelineEditorShaders, Unity.RenderPipelines.Universal.Runtime (1 object)
	UnityEngine.Rendering.Universal.UniversalRenderPipelineRuntimeShaders, Unity.RenderPipelines.Universal.Runtime (1 object)
	UnityEngine.Rendering.Universal.UniversalRenderPipelineRuntimeTextures, Unity.RenderPipelines.Universal.Runtime (1 object)
	UnityEngine.Rendering.Universal.UniversalRenderPipelineRuntimeXRResources, Unity.RenderPipelines.Universal.Runtime (1 object)
	UnityEngine.Rendering.Universal.UniversalRendererResources, Unity.RenderPipelines.Universal.Runtime (1 object)
	UnityEngine.Rendering.VrsRenderPipelineRuntimeResources, Unity.RenderPipelines.Core.Runtime (1 object)
 -> (artifact id: 'b536431c2e5109e0b4c9f42e23de5e7e') in 0.0248413 seconds
Number of updated asset objects reloaded before import = 0Number of asset objects unloaded after import = 12

========================================================================
Received Import Request.
  Time since last request: 0.000032 seconds.
  path: Assets/Imported/Wooden Toy Pack/Prefabs/Wooden Blocks/Tunnel.prefab
  artifactKey: Guid(ab0e4604cb0e44c4bb980ac5be55ab2f) Importer(815301076,1909f56bfc062723c751e8b465ee728b)
Start importing Assets/Imported/Wooden Toy Pack/Prefabs/Wooden Blocks/Tunnel.prefab using Guid(ab0e4604cb0e44c4bb980ac5be55ab2f) Importer(815301076,1909f56bfc062723c751e8b465ee728b) (PreviewImporter)Missing types referenced from component UniversalRenderPipelineGlobalSettings on game object UniversalRenderPipelineGlobalSettings:
	UnityEngine.Rendering.GPUResidentDrawerResources, Unity.RenderPipelines.GPUDriven.Runtime (1 object)
	UnityEngine.Rendering.IncludeAdditionalRPAssets, Unity.RenderPipelines.Core.Runtime (1 object)
	UnityEngine.Rendering.LightmapSamplingSettings, Unity.RenderPipelines.Core.Runtime (1 object)
	UnityEngine.Rendering.ProbeVolumeBakingResources, Unity.RenderPipelines.Core.Runtime (1 object)
	UnityEngine.Rendering.ProbeVolumeDebugResources, Unity.RenderPipelines.Core.Runtime (1 object)
	UnityEngine.Rendering.ProbeVolumeGlobalSettings, Unity.RenderPipelines.Core.Runtime (1 object)
	UnityEngine.Rendering.ProbeVolumeRuntimeResources, Unity.RenderPipelines.Core.Runtime (1 object)
	UnityEngine.Rendering.RenderGraphGlobalSettings, Unity.RenderPipelines.Core.Runtime (1 object)
	UnityEngine.Rendering.RenderGraphModule.Util.RenderGraphUtilsResources, Unity.RenderPipelines.Core.Runtime (1 object)
	UnityEngine.Rendering.STP/RuntimeResources, Unity.RenderPipelines.Core.Runtime (1 object)
	UnityEngine.Rendering.Universal.RenderGraphSettings, Unity.RenderPipelines.Universal.Runtime (1 object)
	UnityEngine.Rendering.Universal.Renderer2DResources, Unity.RenderPipelines.Universal.Runtime (1 object)
	UnityEngine.Rendering.Universal.URPDefaultVolumeProfileSettings, Unity.RenderPipelines.Universal.Runtime (1 object)
	UnityEngine.Rendering.Universal.UniversalRenderPipelineDebugShaders, Unity.RenderPipelines.Universal.Runtime (1 object)
	UnityEngine.Rendering.Universal.UniversalRenderPipelineEditorAssets, Unity.RenderPipelines.Universal.Runtime (1 object)
	UnityEngine.Rendering.Universal.UniversalRenderPipelineEditorMaterials, Unity.RenderPipelines.Universal.Runtime (1 object)
	UnityEngine.Rendering.Universal.UniversalRenderPipelineEditorShaders, Unity.RenderPipelines.Universal.Runtime (1 object)
	UnityEngine.Rendering.Universal.UniversalRenderPipelineRuntimeShaders, Unity.RenderPipelines.Universal.Runtime (1 object)
	UnityEngine.Rendering.Universal.UniversalRenderPipelineRuntimeTextures, Unity.RenderPipelines.Universal.Runtime (1 object)
	UnityEngine.Rendering.Universal.UniversalRenderPipelineRuntimeXRResources, Unity.RenderPipelines.Universal.Runtime (1 object)
	UnityEngine.Rendering.Universal.UniversalRendererResources, Unity.RenderPipelines.Universal.Runtime (1 object)
	UnityEngine.Rendering.VrsRenderPipelineRuntimeResources, Unity.RenderPipelines.Core.Runtime (1 object)
 -> (artifact id: 'fd1044a8a1ad122ddbc2576aea78fc0f') in 0.024502 seconds
Number of updated asset objects reloaded before import = 0Number of asset objects unloaded after import = 12

========================================================================
Received Import Request.
  Time since last request: 0.000022 seconds.
  path: Assets/Imported/Wooden Toy Pack/Prefabs/Wooden Blocks/LargeTriangle.prefab
  artifactKey: Guid(a55e51af48e412a44ab9ed1737ea80f0) Importer(815301076,1909f56bfc062723c751e8b465ee728b)
Start importing Assets/Imported/Wooden Toy Pack/Prefabs/Wooden Blocks/LargeTriangle.prefab using Guid(a55e51af48e412a44ab9ed1737ea80f0) Importer(815301076,1909f56bfc062723c751e8b465ee728b) (PreviewImporter)Missing types referenced from component UniversalRenderPipelineGlobalSettings on game object UniversalRenderPipelineGlobalSettings:
	UnityEngine.Rendering.GPUResidentDrawerResources, Unity.RenderPipelines.GPUDriven.Runtime (1 object)
	UnityEngine.Rendering.IncludeAdditionalRPAssets, Unity.RenderPipelines.Core.Runtime (1 object)
	UnityEngine.Rendering.LightmapSamplingSettings, Unity.RenderPipelines.Core.Runtime (1 object)
	UnityEngine.Rendering.ProbeVolumeBakingResources, Unity.RenderPipelines.Core.Runtime (1 object)
	UnityEngine.Rendering.ProbeVolumeDebugResources, Unity.RenderPipelines.Core.Runtime (1 object)
	UnityEngine.Rendering.ProbeVolumeGlobalSettings, Unity.RenderPipelines.Core.Runtime (1 object)
	UnityEngine.Rendering.ProbeVolumeRuntimeResources, Unity.RenderPipelines.Core.Runtime (1 object)
	UnityEngine.Rendering.RenderGraphGlobalSettings, Unity.RenderPipelines.Core.Runtime (1 object)
	UnityEngine.Rendering.RenderGraphModule.Util.RenderGraphUtilsResources, Unity.RenderPipelines.Core.Runtime (1 object)
	UnityEngine.Rendering.STP/RuntimeResources, Unity.RenderPipelines.Core.Runtime (1 object)
	UnityEngine.Rendering.Universal.RenderGraphSettings, Unity.RenderPipelines.Universal.Runtime (1 object)
	UnityEngine.Rendering.Universal.Renderer2DResources, Unity.RenderPipelines.Universal.Runtime (1 object)
	UnityEngine.Rendering.Universal.URPDefaultVolumeProfileSettings, Unity.RenderPipelines.Universal.Runtime (1 object)
	UnityEngine.Rendering.Universal.UniversalRenderPipelineDebugShaders, Unity.RenderPipelines.Universal.Runtime (1 object)
	UnityEngine.Rendering.Universal.UniversalRenderPipelineEditorAssets, Unity.RenderPipelines.Universal.Runtime (1 object)
	UnityEngine.Rendering.Universal.UniversalRenderPipelineEditorMaterials, Unity.RenderPipelines.Universal.Runtime (1 object)
	UnityEngine.Rendering.Universal.UniversalRenderPipelineEditorShaders, Unity.RenderPipelines.Universal.Runtime (1 object)
	UnityEngine.Rendering.Universal.UniversalRenderPipelineRuntimeShaders, Unity.RenderPipelines.Universal.Runtime (1 object)
	UnityEngine.Rendering.Universal.UniversalRenderPipelineRuntimeTextures, Unity.RenderPipelines.Universal.Runtime (1 object)
	UnityEngine.Rendering.Universal.UniversalRenderPipelineRuntimeXRResources, Unity.RenderPipelines.Universal.Runtime (1 object)
	UnityEngine.Rendering.Universal.UniversalRendererResources, Unity.RenderPipelines.Universal.Runtime (1 object)
	UnityEngine.Rendering.VrsRenderPipelineRuntimeResources, Unity.RenderPipelines.Core.Runtime (1 object)
 -> (artifact id: '06e4ab56eb7da935492853f3e79746f2') in 0.0231817 seconds
Number of updated asset objects reloaded before import = 0Number of asset objects unloaded after import = 12

========================================================================
Received Import Request.
  Time since last request: 0.000023 seconds.
  path: Assets/Imported/Wooden Toy Pack/Prefabs/Wooden Blocks/ThinRectangle.prefab
  artifactKey: Guid(048dbdfa8b317d7448368088705fae46) Importer(815301076,1909f56bfc062723c751e8b465ee728b)
Start importing Assets/Imported/Wooden Toy Pack/Prefabs/Wooden Blocks/ThinRectangle.prefab using Guid(048dbdfa8b317d7448368088705fae46) Importer(815301076,1909f56bfc062723c751e8b465ee728b) (PreviewImporter)Missing types referenced from component UniversalRenderPipelineGlobalSettings on game object UniversalRenderPipelineGlobalSettings:
	UnityEngine.Rendering.GPUResidentDrawerResources, Unity.RenderPipelines.GPUDriven.Runtime (1 object)
	UnityEngine.Rendering.IncludeAdditionalRPAssets, Unity.RenderPipelines.Core.Runtime (1 object)
	UnityEngine.Rendering.LightmapSamplingSettings, Unity.RenderPipelines.Core.Runtime (1 object)
	UnityEngine.Rendering.ProbeVolumeBakingResources, Unity.RenderPipelines.Core.Runtime (1 object)
	UnityEngine.Rendering.ProbeVolumeDebugResources, Unity.RenderPipelines.Core.Runtime (1 object)
	UnityEngine.Rendering.ProbeVolumeGlobalSettings, Unity.RenderPipelines.Core.Runtime (1 object)
	UnityEngine.Rendering.ProbeVolumeRuntimeResources, Unity.RenderPipelines.Core.Runtime (1 object)
	UnityEngine.Rendering.RenderGraphGlobalSettings, Unity.RenderPipelines.Core.Runtime (1 object)
	UnityEngine.Rendering.RenderGraphModule.Util.RenderGraphUtilsResources, Unity.RenderPipelines.Core.Runtime (1 object)
	UnityEngine.Rendering.STP/RuntimeResources, Unity.RenderPipelines.Core.Runtime (1 object)
	UnityEngine.Rendering.Universal.RenderGraphSettings, Unity.RenderPipelines.Universal.Runtime (1 object)
	UnityEngine.Rendering.Universal.Renderer2DResources, Unity.RenderPipelines.Universal.Runtime (1 object)
	UnityEngine.Rendering.Universal.URPDefaultVolumeProfileSettings, Unity.RenderPipelines.Universal.Runtime (1 object)
	UnityEngine.Rendering.Universal.UniversalRenderPipelineDebugShaders, Unity.RenderPipelines.Universal.Runtime (1 object)
	UnityEngine.Rendering.Universal.UniversalRenderPipelineEditorAssets, Unity.RenderPipelines.Universal.Runtime (1 object)
	UnityEngine.Rendering.Universal.UniversalRenderPipelineEditorMaterials, Unity.RenderPipelines.Universal.Runtime (1 object)
	UnityEngine.Rendering.Universal.UniversalRenderPipelineEditorShaders, Unity.RenderPipelines.Universal.Runtime (1 object)
	UnityEngine.Rendering.Universal.UniversalRenderPipelineRuntimeShaders, Unity.RenderPipelines.Universal.Runtime (1 object)
	UnityEngine.Rendering.Universal.UniversalRenderPipelineRuntimeTextures, Unity.RenderPipelines.Universal.Runtime (1 object)
	UnityEngine.Rendering.Universal.UniversalRenderPipelineRuntimeXRResources, Unity.RenderPipelines.Universal.Runtime (1 object)
	UnityEngine.Rendering.Universal.UniversalRendererResources, Unity.RenderPipelines.Universal.Runtime (1 object)
	UnityEngine.Rendering.VrsRenderPipelineRuntimeResources, Unity.RenderPipelines.Core.Runtime (1 object)
 -> (artifact id: '38f69c0e8e1271f0698a3b20fe3e04ca') in 0.0250182 seconds
Number of updated asset objects reloaded before import = 0Number of asset objects unloaded after import = 12

========================================================================
Received Import Request.
  Time since last request: 0.000027 seconds.
  path: Assets/Imported/Wooden Toy Pack/Prefabs/Wooden Blocks/SmallTriangle.prefab
  artifactKey: Guid(b72432822c7067440bc3fcfad86d3381) Importer(815301076,1909f56bfc062723c751e8b465ee728b)
Start importing Assets/Imported/Wooden Toy Pack/Prefabs/Wooden Blocks/SmallTriangle.prefab using Guid(b72432822c7067440bc3fcfad86d3381) Importer(815301076,1909f56bfc062723c751e8b465ee728b) (PreviewImporter)Missing types referenced from component UniversalRenderPipelineGlobalSettings on game object UniversalRenderPipelineGlobalSettings:
	UnityEngine.Rendering.GPUResidentDrawerResources, Unity.RenderPipelines.GPUDriven.Runtime (1 object)
	UnityEngine.Rendering.IncludeAdditionalRPAssets, Unity.RenderPipelines.Core.Runtime (1 object)
	UnityEngine.Rendering.LightmapSamplingSettings, Unity.RenderPipelines.Core.Runtime (1 object)
	UnityEngine.Rendering.ProbeVolumeBakingResources, Unity.RenderPipelines.Core.Runtime (1 object)
	UnityEngine.Rendering.ProbeVolumeDebugResources, Unity.RenderPipelines.Core.Runtime (1 object)
	UnityEngine.Rendering.ProbeVolumeGlobalSettings, Unity.RenderPipelines.Core.Runtime (1 object)
	UnityEngine.Rendering.ProbeVolumeRuntimeResources, Unity.RenderPipelines.Core.Runtime (1 object)
	UnityEngine.Rendering.RenderGraphGlobalSettings, Unity.RenderPipelines.Core.Runtime (1 object)
	UnityEngine.Rendering.RenderGraphModule.Util.RenderGraphUtilsResources, Unity.RenderPipelines.Core.Runtime (1 object)
	UnityEngine.Rendering.STP/RuntimeResources, Unity.RenderPipelines.Core.Runtime (1 object)
	UnityEngine.Rendering.Universal.RenderGraphSettings, Unity.RenderPipelines.Universal.Runtime (1 object)
	UnityEngine.Rendering.Universal.Renderer2DResources, Unity.RenderPipelines.Universal.Runtime (1 object)
	UnityEngine.Rendering.Universal.URPDefaultVolumeProfileSettings, Unity.RenderPipelines.Universal.Runtime (1 object)
	UnityEngine.Rendering.Universal.UniversalRenderPipelineDebugShaders, Unity.RenderPipelines.Universal.Runtime (1 object)
	UnityEngine.Rendering.Universal.UniversalRenderPipelineEditorAssets, Unity.RenderPipelines.Universal.Runtime (1 object)
	UnityEngine.Rendering.Universal.UniversalRenderPipelineEditorMaterials, Unity.RenderPipelines.Universal.Runtime (1 object)
	UnityEngine.Rendering.Universal.UniversalRenderPipelineEditorShaders, Unity.RenderPipelines.Universal.Runtime (1 object)
	UnityEngine.Rendering.Universal.UniversalRenderPipelineRuntimeShaders, Unity.RenderPipelines.Universal.Runtime (1 object)
	UnityEngine.Rendering.Universal.UniversalRenderPipelineRuntimeTextures, Unity.RenderPipelines.Universal.Runtime (1 object)
	UnityEngine.Rendering.Universal.UniversalRenderPipelineRuntimeXRResources, Unity.RenderPipelines.Universal.Runtime (1 object)
	UnityEngine.Rendering.Universal.UniversalRendererResources, Unity.RenderPipelines.Universal.Runtime (1 object)
	UnityEngine.Rendering.VrsRenderPipelineRuntimeResources, Unity.RenderPipelines.Core.Runtime (1 object)
 -> (artifact id: '63da0dd1f29353c44a733ff3a72045c4') in 0.0218208 seconds
Number of updated asset objects reloaded before import = 0Number of asset objects unloaded after import = 12

Editor requested this worker to shutdown with reason: Scaling down because of idle timeout
AssetImportWorker is now disconnected from the server
Process exiting
Exiting without the bug reporter. Application will terminate with return code 0