Using pre-set license
Built from '2023.2/staging' branch; Version is '2023.2.20f1 (0e25a174756c) revision 927137'; Using compiler version '193431935'; Build Type 'Release'
OS: 'Windows 11  (10.0.26100) 64bit Core' Language: 'es' Physical Memory: 16232 MB
BatchMode: 1, IsHumanControllingUs: 0, StartBugReporterOnCrash: 0, Is64bit: 1, IsPro: 1

COMMAND LINE ARGUMENTS:
C:\Program Files\Unity\Hub\Editor\2023.2.20f1\Editor\Unity.exe
-adb2
-batchMode
-noUpm
-name
AssetImportWorker4
-projectPath
D:/Proyectos Unity/Lost in the Toyland/Lost-in-Toyland/Lost in Toyland
-logFile
Logs/AssetImportWorker4.log
-srvPort
50149
-job-worker-count
5
-background-job-worker-count
8
-asset-garbage-collectors
1
Successfully changed project path to: D:/Proyectos Unity/Lost in the Toyland/Lost-in-Toyland/Lost in Toyland
D:/Proyectos Unity/Lost in the Toyland/Lost-in-Toyland/Lost in Toyland
[UnityMemory] Configuration Parameters - Can be set up in boot.config
    "memorysetup-bucket-allocator-granularity=16"
    "memorysetup-bucket-allocator-bucket-count=8"
    "memorysetup-bucket-allocator-block-size=33554432"
    "memorysetup-bucket-allocator-block-count=8"
    "memorysetup-main-allocator-block-size=16777216"
    "memorysetup-thread-allocator-block-size=16777216"
    "memorysetup-gfx-main-allocator-block-size=16777216"
    "memorysetup-gfx-thread-allocator-block-size=16777216"
    "memorysetup-cache-allocator-block-size=4194304"
    "memorysetup-typetree-allocator-block-size=2097152"
    "memorysetup-profiler-bucket-allocator-granularity=16"
    "memorysetup-profiler-bucket-allocator-bucket-count=8"
    "memorysetup-profiler-bucket-allocator-block-size=33554432"
    "memorysetup-profiler-bucket-allocator-block-count=8"
    "memorysetup-profiler-allocator-block-size=16777216"
    "memorysetup-profiler-editor-allocator-block-size=1048576"
    "memorysetup-temp-allocator-size-main=16777216"
    "memorysetup-job-temp-allocator-block-size=2097152"
    "memorysetup-job-temp-allocator-block-size-background=1048576"
    "memorysetup-job-temp-allocator-reduction-small-platforms=262144"
    "memorysetup-allocator-temp-initial-block-size-main=262144"
    "memorysetup-allocator-temp-initial-block-size-worker=262144"
    "memorysetup-temp-allocator-size-background-worker=32768"
    "memorysetup-temp-allocator-size-job-worker=262144"
    "memorysetup-temp-allocator-size-preload-manager=33554432"
    "memorysetup-temp-allocator-size-nav-mesh-worker=65536"
    "memorysetup-temp-allocator-size-audio-worker=65536"
    "memorysetup-temp-allocator-size-cloud-worker=32768"
    "memorysetup-temp-allocator-size-gi-baking-worker=262144"
    "memorysetup-temp-allocator-size-gi-baking-worker=262144"
    "memorysetup-temp-allocator-size-gi-baking-worker=262144"
    "memorysetup-temp-allocator-size-gi-baking-worker=262144"
    "memorysetup-temp-allocator-size-gfx=262144"
Player connection [15536] Host "[IP] 192.168.1.128 [Port] 0 [Flags] 2 [Guid] 3468524 [EditorId] 3468524 [Version] 1048832 [Id] WindowsEditor(7,ALEXANDRA) [Debug] 1 [PackageName] WindowsEditor [ProjectName] Editor" joined multi-casting on [225.0.0.222:54997]...
Player connection [15536] Host "[IP] 192.168.1.128 [Port] 0 [Flags] 2 [Guid] 3468524 [EditorId] 3468524 [Version] 1048832 [Id] WindowsEditor(7,ALEXANDRA) [Debug] 1 [PackageName] WindowsEditor [ProjectName] Editor" joined alternative multi-casting on [225.0.0.222:34997]...
JobSystem: Creating JobQueue using job-worker-count value 5
[Physics::Module] Initialized MultithreadedJobDispatcher with 5 workers.
Library Redirect Path: Library/
Refreshing native plugins compatible for Editor in 55.68 ms, found 4 plugins.
Preloading 0 native plugins for Editor in 0.00 ms.
Initialize engine version: 2023.2.20f1 (0e25a174756c)
[Subsystems] Discovering subsystems at path C:/Program Files/Unity/Hub/Editor/2023.2.20f1/Editor/Data/Resources/UnitySubsystems
[Subsystems] Discovering subsystems at path D:/Proyectos Unity/Lost in the Toyland/Lost-in-Toyland/Lost in Toyland/Assets
GfxDevice: creating device client; kGfxThreadingModeNonThreaded
Direct3D:
    Version:  Direct3D 11.0 [level 11.1]
    Renderer: NVIDIA GeForce GTX 1660 Ti (ID=0x2182)
    Vendor:   NVIDIA
    VRAM:     5966 MB
    Driver:   32.0.15.7260
Invalid texture used for cursor - check importer settings or texture creation. Texture must be RGBA32, readable, have alphaIsTransparency enabled and have no mip chain.
Initialize mono
Mono path[0] = 'C:/Program Files/Unity/Hub/Editor/2023.2.20f1/Editor/Data/Managed'
Mono path[1] = 'C:/Program Files/Unity/Hub/Editor/2023.2.20f1/Editor/Data/MonoBleedingEdge/lib/mono/unityjit-win32'
Mono config path = 'C:/Program Files/Unity/Hub/Editor/2023.2.20f1/Editor/Data/MonoBleedingEdge/etc'
Using monoOptions --debugger-agent=transport=dt_socket,embedding=1,server=y,suspend=n,address=127.0.0.1:56340
Begin MonoManager ReloadAssembly
Registering precompiled unity dll's ...
Register platform support module: C:/Program Files/Unity/Hub/Editor/2023.2.20f1/Editor/Data/PlaybackEngines/WindowsStandaloneSupport/UnityEditor.WindowsStandalone.Extensions.dll
Registered in 0.003314 seconds.
- Loaded All Assemblies, in  0.448 seconds
Native extension for WindowsStandalone target not found
Mono: successfully reloaded assembly
- Finished resetting the current domain, in  0.365 seconds
Domain Reload Profiling: 810ms
	BeginReloadAssembly (147ms)
		ExecutionOrderSort (0ms)
		DisableScriptedObjects (0ms)
		BackupInstance (0ms)
		ReleaseScriptingObjects (0ms)
		CreateAndSetChildDomain (1ms)
	RebuildCommonClasses (42ms)
	RebuildNativeTypeToScriptingClass (14ms)
	initialDomainReloadingComplete (57ms)
	LoadAllAssembliesAndSetupDomain (185ms)
		LoadAssemblies (143ms)
		RebuildTransferFunctionScriptingTraits (0ms)
		AnalyzeDomain (183ms)
			TypeCache.Refresh (181ms)
				TypeCache.ScanAssembly (165ms)
			BuildScriptInfoCaches (0ms)
			ResolveRequiredComponents (1ms)
	FinalizeReload (365ms)
		ReleaseScriptCaches (0ms)
		RebuildScriptCaches (0ms)
		SetupLoadedEditorAssemblies (289ms)
			LogAssemblyErrors (0ms)
			InitializePlatformSupportModulesInManaged (10ms)
			SetLoadedEditorAssemblies (5ms)
			BeforeProcessingInitializeOnLoad (6ms)
			ProcessInitializeOnLoadAttributes (201ms)
			ProcessInitializeOnLoadMethodAttributes (66ms)
			AfterProcessingInitializeOnLoad (0ms)
			EditorAssembliesLoaded (0ms)
		ExecutionOrderSort2 (0ms)
		AwakeInstancesAfterBackupRestoration (0ms)
Assembly reference Packages/com.unity.entities/Unity.Scenes.Editor/Internals/Properties/Unity.Properties.Internals.asmref has no target assembly definition
========================================================================
Worker process is ready to serve import requests
Import Worker Mode flag is 0x00
Assembly reference Packages/com.unity.entities/Unity.Scenes.Editor/Internals/Properties/Unity.Properties.Internals.asmref has no target assembly definition
Assembly reference Packages/com.unity.entities/Unity.Scenes.Editor/Internals/Properties/Unity.Properties.Internals.asmref has no target assembly definition
Begin MonoManager ReloadAssembly
- Loaded All Assemblies, in  1.522 seconds
Assembly reference Packages/com.unity.entities/Unity.Scenes.Editor/Internals/Properties/Unity.Properties.Internals.asmref has no target assembly definition
Refreshing native plugins compatible for Editor in 3.09 ms, found 4 plugins.
Native extension for WindowsStandalone target not found
Assembly reference Packages/com.unity.entities/Unity.Scenes.Editor/Internals/Properties/Unity.Properties.Internals.asmref has no target assembly definition
Package Manager log level set to [2]
[Package Manager] Failed to launch server process. Reason: Unity was launched with the -noUpm command-line argument
[Package Manager] Unable to send message (not connected to server process).
[Package Manager] Cannot connect to Unity Package Manager local server
Refreshing native plugins compatible for Editor in 2.03 ms, found 4 plugins.
TypeManager.Initialize took: 335ms
Mono: successfully reloaded assembly
- Finished resetting the current domain, in  2.337 seconds
Domain Reload Profiling: 3855ms
	BeginReloadAssembly (730ms)
		ExecutionOrderSort (0ms)
		DisableScriptedObjects (6ms)
		BackupInstance (0ms)
		ReleaseScriptingObjects (0ms)
		CreateAndSetChildDomain (31ms)
	RebuildCommonClasses (42ms)
	RebuildNativeTypeToScriptingClass (16ms)
	initialDomainReloadingComplete (49ms)
	LoadAllAssembliesAndSetupDomain (680ms)
		LoadAssemblies (466ms)
		RebuildTransferFunctionScriptingTraits (0ms)
		AnalyzeDomain (328ms)
			TypeCache.Refresh (261ms)
				TypeCache.ScanAssembly (240ms)
			BuildScriptInfoCaches (48ms)
			ResolveRequiredComponents (15ms)
	FinalizeReload (2338ms)
		ReleaseScriptCaches (0ms)
		RebuildScriptCaches (0ms)
		SetupLoadedEditorAssemblies (1255ms)
			LogAssemblyErrors (0ms)
			InitializePlatformSupportModulesInManaged (3ms)
			SetLoadedEditorAssemblies (7ms)
			BeforeProcessingInitializeOnLoad (91ms)
			ProcessInitializeOnLoadAttributes (1013ms)
			ProcessInitializeOnLoadMethodAttributes (135ms)
			AfterProcessingInitializeOnLoad (7ms)
			EditorAssembliesLoaded (0ms)
		ExecutionOrderSort2 (0ms)
		AwakeInstancesAfterBackupRestoration (10ms)
Launched and connected shader compiler UnityShaderCompiler.exe after 0.02 seconds
Refreshing native plugins compatible for Editor in 2.61 ms, found 4 plugins.
Preloading 0 native plugins for Editor in 0.00 ms.
Unloading 190 Unused Serialized files (Serialized files now loaded: 0)
Unloading 7689 unused Assets / (6.4 MB). Loaded Objects now: 8385.
Memory consumption went from 195.8 MB to 189.4 MB.
Total: 16.967100 ms (FindLiveObjects: 1.075300 ms CreateObjectMapping: 1.806900 ms MarkObjects: 9.334500 ms  DeleteObjects: 4.749100 ms)

========================================================================
Received Import Request.
  Time since last request: 2397.409355 seconds.
  path: Assets/Sounds/UI/Metallic
  artifactKey: Guid(1280f06af5bcbe047860877a1dbd724f) Importer(815301076,1909f56bfc062723c751e8b465ee728b)
Start importing Assets/Sounds/UI/Metallic using Guid(1280f06af5bcbe047860877a1dbd724f) Importer(815301076,1909f56bfc062723c751e8b465ee728b) (PreviewImporter) -> (artifact id: '23f85cee010c9e3e5920c3a14dda9e17') in 0.0205022 seconds
Number of updated asset objects reloaded before import = 0Number of asset objects unloaded after import = 0

========================================================================
Received Import Request.
  Time since last request: 0.609061 seconds.
  path: Assets/Sounds/UI/Metallic/SFX_UI_Click_Designed_Metallic_Dirty_Negative_1.wav
  artifactKey: Guid(f5c5f438581b89c4b96789e177c6254a) Importer(815301076,1909f56bfc062723c751e8b465ee728b)
Start importing Assets/Sounds/UI/Metallic/SFX_UI_Click_Designed_Metallic_Dirty_Negative_1.wav using Guid(f5c5f438581b89c4b96789e177c6254a) Importer(815301076,1909f56bfc062723c751e8b465ee728b) (PreviewImporter) -> (artifact id: 'eb39e1b880e525a6f34cdc3737554549') in 0.1006427 seconds
Number of updated asset objects reloaded before import = 0Number of asset objects unloaded after import = 2

========================================================================
Received Import Request.
  Time since last request: 0.031636 seconds.
  path: Assets/Sounds/UI/Metallic/SFX_UI_Click_Organic_Metallic_Thin_Select_1.wav
  artifactKey: Guid(5aa948679296f2649802b2f562804537) Importer(815301076,1909f56bfc062723c751e8b465ee728b)
Start importing Assets/Sounds/UI/Metallic/SFX_UI_Click_Organic_Metallic_Thin_Select_1.wav using Guid(5aa948679296f2649802b2f562804537) Importer(815301076,1909f56bfc062723c751e8b465ee728b) (PreviewImporter) -> (artifact id: '256464f06c60ea3b20ce0e210be436fe') in 0.0228066 seconds
Number of updated asset objects reloaded before import = 0Number of asset objects unloaded after import = 2

========================================================================
Received Prepare
Assembly reference Packages/com.unity.entities/Unity.Scenes.Editor/Internals/Properties/Unity.Properties.Internals.asmref has no target assembly definition
Assembly reference Packages/com.unity.entities/Unity.Scenes.Editor/Internals/Properties/Unity.Properties.Internals.asmref has no target assembly definition
Begin MonoManager ReloadAssembly
- Loaded All Assemblies, in  0.948 seconds
Assembly reference Packages/com.unity.entities/Unity.Scenes.Editor/Internals/Properties/Unity.Properties.Internals.asmref has no target assembly definition
Refreshing native plugins compatible for Editor in 1.88 ms, found 4 plugins.
Native extension for WindowsStandalone target not found
Assembly reference Packages/com.unity.entities/Unity.Scenes.Editor/Internals/Properties/Unity.Properties.Internals.asmref has no target assembly definition
[Package Manager] Failed to launch server process. Reason: Unity was launched with the -noUpm command-line argument
[Package Manager] Unable to send message (not connected to server process).
[Package Manager] Cannot connect to Unity Package Manager local server
TypeManager.Initialize took: 453ms
Mono: successfully reloaded assembly
- Finished resetting the current domain, in  1.769 seconds
Domain Reload Profiling: 2715ms
	BeginReloadAssembly (258ms)
		ExecutionOrderSort (0ms)
		DisableScriptedObjects (6ms)
		BackupInstance (0ms)
		ReleaseScriptingObjects (0ms)
		CreateAndSetChildDomain (86ms)
	RebuildCommonClasses (44ms)
	RebuildNativeTypeToScriptingClass (17ms)
	initialDomainReloadingComplete (47ms)
	LoadAllAssembliesAndSetupDomain (580ms)
		LoadAssemblies (477ms)
		RebuildTransferFunctionScriptingTraits (0ms)
		AnalyzeDomain (218ms)
			TypeCache.Refresh (9ms)
				TypeCache.ScanAssembly (0ms)
			BuildScriptInfoCaches (191ms)
			ResolveRequiredComponents (14ms)
	FinalizeReload (1769ms)
		ReleaseScriptCaches (0ms)
		RebuildScriptCaches (0ms)
		SetupLoadedEditorAssemblies (1434ms)
			LogAssemblyErrors (0ms)
			InitializePlatformSupportModulesInManaged (2ms)
			SetLoadedEditorAssemblies (6ms)
			BeforeProcessingInitializeOnLoad (105ms)
			ProcessInitializeOnLoadAttributes (1114ms)
			ProcessInitializeOnLoadMethodAttributes (197ms)
			AfterProcessingInitializeOnLoad (9ms)
			EditorAssembliesLoaded (1ms)
		ExecutionOrderSort2 (0ms)
		AwakeInstancesAfterBackupRestoration (31ms)
Refreshing native plugins compatible for Editor in 3.52 ms, found 4 plugins.
Preloading 0 native plugins for Editor in 0.00 ms.
Unloading 26 Unused Serialized files (Serialized files now loaded: 0)
Unloading 7690 unused Assets / (6.0 MB). Loaded Objects now: 8397.
Memory consumption went from 168.6 MB to 162.6 MB.
Total: 21.330500 ms (FindLiveObjects: 1.238900 ms CreateObjectMapping: 1.896600 ms MarkObjects: 11.775900 ms  DeleteObjects: 6.417600 ms)

Unloading 0 Unused Serialized files (Serialized files now loaded: 0)
Unloading 0 unused Assets / (5.1 MB). Loaded Objects now: 8397.
Memory consumption went from 162.6 MB to 157.5 MB.
Total: 16.102400 ms (FindLiveObjects: 0.662600 ms CreateObjectMapping: 1.167800 ms MarkObjects: 11.820000 ms  DeleteObjects: 2.449900 ms)

Prepare: number of updated asset objects reloaded= 0
========================================================================
Received Import Request.
  Time since last request: 96.093402 seconds.
  path: Assets/Scenes/MainMenu.unity
  artifactKey: Guid(a431b3f415b83444a8ca6e79f1f7c8c9) Importer(815301076,1909f56bfc062723c751e8b465ee728b)
Start importing Assets/Scenes/MainMenu.unity using Guid(a431b3f415b83444a8ca6e79f1f7c8c9) Importer(815301076,1909f56bfc062723c751e8b465ee728b) (PreviewImporter) -> (artifact id: '88b471a9aee61a30b70d6bf2466c316e') in 0.0148239 seconds
Number of updated asset objects reloaded before import = 0Number of asset objects unloaded after import = 0

========================================================================
Received Prepare
Refreshing native plugins compatible for Editor in 8.13 ms, found 4 plugins.
Preloading 0 native plugins for Editor in 0.00 ms.
Unloading 22 Unused Serialized files (Serialized files now loaded: 0)
Unloading 7674 unused Assets / (4.1 MB). Loaded Objects now: 8397.
Memory consumption went from 167.3 MB to 163.2 MB.
Total: 65.491800 ms (FindLiveObjects: 1.582200 ms CreateObjectMapping: 10.651800 ms MarkObjects: 40.624300 ms  DeleteObjects: 12.631500 ms)

Prepare: number of updated asset objects reloaded= 0
========================================================================
Received Prepare
Assembly reference Packages/com.unity.entities/Unity.Scenes.Editor/Internals/Properties/Unity.Properties.Internals.asmref has no target assembly definition
Assembly reference Packages/com.unity.entities/Unity.Scenes.Editor/Internals/Properties/Unity.Properties.Internals.asmref has no target assembly definition
Begin MonoManager ReloadAssembly
- Loaded All Assemblies, in  0.900 seconds
Assembly reference Packages/com.unity.entities/Unity.Scenes.Editor/Internals/Properties/Unity.Properties.Internals.asmref has no target assembly definition
Refreshing native plugins compatible for Editor in 1.73 ms, found 4 plugins.
Native extension for WindowsStandalone target not found
Assembly reference Packages/com.unity.entities/Unity.Scenes.Editor/Internals/Properties/Unity.Properties.Internals.asmref has no target assembly definition
[Package Manager] Failed to launch server process. Reason: Unity was launched with the -noUpm command-line argument
[Package Manager] Unable to send message (not connected to server process).
[Package Manager] Cannot connect to Unity Package Manager local server
TypeManager.Initialize took: 339ms
Mono: successfully reloaded assembly
- Finished resetting the current domain, in  1.418 seconds
Domain Reload Profiling: 2318ms
	BeginReloadAssembly (244ms)
		ExecutionOrderSort (0ms)
		DisableScriptedObjects (7ms)
		BackupInstance (0ms)
		ReleaseScriptingObjects (0ms)
		CreateAndSetChildDomain (84ms)
	RebuildCommonClasses (41ms)
	RebuildNativeTypeToScriptingClass (15ms)
	initialDomainReloadingComplete (37ms)
	LoadAllAssembliesAndSetupDomain (562ms)
		LoadAssemblies (445ms)
		RebuildTransferFunctionScriptingTraits (0ms)
		AnalyzeDomain (224ms)
			TypeCache.Refresh (12ms)
				TypeCache.ScanAssembly (1ms)
			BuildScriptInfoCaches (193ms)
			ResolveRequiredComponents (14ms)
	FinalizeReload (1419ms)
		ReleaseScriptCaches (0ms)
		RebuildScriptCaches (0ms)
		SetupLoadedEditorAssemblies (1161ms)
			LogAssemblyErrors (0ms)
			InitializePlatformSupportModulesInManaged (2ms)
			SetLoadedEditorAssemblies (7ms)
			BeforeProcessingInitializeOnLoad (85ms)
			ProcessInitializeOnLoadAttributes (915ms)
			ProcessInitializeOnLoadMethodAttributes (145ms)
			AfterProcessingInitializeOnLoad (6ms)
			EditorAssembliesLoaded (0ms)
		ExecutionOrderSort2 (0ms)
		AwakeInstancesAfterBackupRestoration (25ms)
Refreshing native plugins compatible for Editor in 2.89 ms, found 4 plugins.
Preloading 0 native plugins for Editor in 0.00 ms.
Unloading 24 Unused Serialized files (Serialized files now loaded: 0)
Unloading 7689 unused Assets / (5.9 MB). Loaded Objects now: 8397.
Memory consumption went from 170.3 MB to 164.4 MB.
Total: 19.930200 ms (FindLiveObjects: 1.600000 ms CreateObjectMapping: 2.063100 ms MarkObjects: 10.782600 ms  DeleteObjects: 5.483300 ms)

Unloading 0 Unused Serialized files (Serialized files now loaded: 0)
Unloading 0 unused Assets / (5.2 MB). Loaded Objects now: 8397.
Memory consumption went from 164.4 MB to 159.2 MB.
Total: 14.334800 ms (FindLiveObjects: 0.706200 ms CreateObjectMapping: 0.764900 ms MarkObjects: 11.025400 ms  DeleteObjects: 1.836400 ms)

Prepare: number of updated asset objects reloaded= 0
========================================================================
Received Prepare
Assembly reference Packages/com.unity.entities/Unity.Scenes.Editor/Internals/Properties/Unity.Properties.Internals.asmref has no target assembly definition
Assembly reference Packages/com.unity.entities/Unity.Scenes.Editor/Internals/Properties/Unity.Properties.Internals.asmref has no target assembly definition
Begin MonoManager ReloadAssembly
- Loaded All Assemblies, in  0.887 seconds
Assembly reference Packages/com.unity.entities/Unity.Scenes.Editor/Internals/Properties/Unity.Properties.Internals.asmref has no target assembly definition
Refreshing native plugins compatible for Editor in 1.72 ms, found 4 plugins.
Native extension for WindowsStandalone target not found
Assembly reference Packages/com.unity.entities/Unity.Scenes.Editor/Internals/Properties/Unity.Properties.Internals.asmref has no target assembly definition
[Package Manager] Failed to launch server process. Reason: Unity was launched with the -noUpm command-line argument
[Package Manager] Unable to send message (not connected to server process).
[Package Manager] Cannot connect to Unity Package Manager local server
TypeManager.Initialize took: 437ms
Mono: successfully reloaded assembly
- Finished resetting the current domain, in  1.652 seconds
Domain Reload Profiling: 2539ms
	BeginReloadAssembly (241ms)
		ExecutionOrderSort (0ms)
		DisableScriptedObjects (6ms)
		BackupInstance (0ms)
		ReleaseScriptingObjects (0ms)
		CreateAndSetChildDomain (80ms)
	RebuildCommonClasses (39ms)
	RebuildNativeTypeToScriptingClass (15ms)
	initialDomainReloadingComplete (36ms)
	LoadAllAssembliesAndSetupDomain (555ms)
		LoadAssemblies (432ms)
		RebuildTransferFunctionScriptingTraits (0ms)
		AnalyzeDomain (233ms)
			TypeCache.Refresh (9ms)
				TypeCache.ScanAssembly (0ms)
			BuildScriptInfoCaches (204ms)
			ResolveRequiredComponents (15ms)
	FinalizeReload (1653ms)
		ReleaseScriptCaches (0ms)
		RebuildScriptCaches (0ms)
		SetupLoadedEditorAssemblies (1354ms)
			LogAssemblyErrors (0ms)
			InitializePlatformSupportModulesInManaged (2ms)
			SetLoadedEditorAssemblies (6ms)
			BeforeProcessingInitializeOnLoad (88ms)
			ProcessInitializeOnLoadAttributes (1074ms)
			ProcessInitializeOnLoadMethodAttributes (176ms)
			AfterProcessingInitializeOnLoad (8ms)
			EditorAssembliesLoaded (0ms)
		ExecutionOrderSort2 (0ms)
		AwakeInstancesAfterBackupRestoration (31ms)
Refreshing native plugins compatible for Editor in 3.41 ms, found 4 plugins.
Preloading 0 native plugins for Editor in 0.00 ms.
Unloading 24 Unused Serialized files (Serialized files now loaded: 0)
Unloading 7689 unused Assets / (6.2 MB). Loaded Objects now: 8397.
Memory consumption went from 172.3 MB to 166.1 MB.
Total: 24.784400 ms (FindLiveObjects: 2.065500 ms CreateObjectMapping: 3.353700 ms MarkObjects: 11.871700 ms  DeleteObjects: 7.492000 ms)

Unloading 0 Unused Serialized files (Serialized files now loaded: 0)
Unloading 0 unused Assets / (4.9 MB). Loaded Objects now: 8397.
Memory consumption went from 166.0 MB to 161.2 MB.
Total: 15.373000 ms (FindLiveObjects: 0.665700 ms CreateObjectMapping: 1.199900 ms MarkObjects: 11.556700 ms  DeleteObjects: 1.949200 ms)

Prepare: number of updated asset objects reloaded= 0
========================================================================
Received Prepare
Assembly reference Packages/com.unity.entities/Unity.Scenes.Editor/Internals/Properties/Unity.Properties.Internals.asmref has no target assembly definition
Assembly reference Packages/com.unity.entities/Unity.Scenes.Editor/Internals/Properties/Unity.Properties.Internals.asmref has no target assembly definition
Begin MonoManager ReloadAssembly
- Loaded All Assemblies, in  0.896 seconds
Assembly reference Packages/com.unity.entities/Unity.Scenes.Editor/Internals/Properties/Unity.Properties.Internals.asmref has no target assembly definition
Refreshing native plugins compatible for Editor in 1.73 ms, found 4 plugins.
Native extension for WindowsStandalone target not found
Assembly reference Packages/com.unity.entities/Unity.Scenes.Editor/Internals/Properties/Unity.Properties.Internals.asmref has no target assembly definition
[Package Manager] Failed to launch server process. Reason: Unity was launched with the -noUpm command-line argument
[Package Manager] Unable to send message (not connected to server process).
[Package Manager] Cannot connect to Unity Package Manager local server
TypeManager.Initialize took: 453ms
Mono: successfully reloaded assembly
- Finished resetting the current domain, in  1.662 seconds
Domain Reload Profiling: 2558ms
	BeginReloadAssembly (239ms)
		ExecutionOrderSort (0ms)
		DisableScriptedObjects (6ms)
		BackupInstance (0ms)
		ReleaseScriptingObjects (0ms)
		CreateAndSetChildDomain (83ms)
	RebuildCommonClasses (42ms)
	RebuildNativeTypeToScriptingClass (16ms)
	initialDomainReloadingComplete (35ms)
	LoadAllAssembliesAndSetupDomain (564ms)
		LoadAssemblies (428ms)
		RebuildTransferFunctionScriptingTraits (0ms)
		AnalyzeDomain (241ms)
			TypeCache.Refresh (9ms)
				TypeCache.ScanAssembly (0ms)
			BuildScriptInfoCaches (214ms)
			ResolveRequiredComponents (15ms)
	FinalizeReload (1663ms)
		ReleaseScriptCaches (0ms)
		RebuildScriptCaches (0ms)
		SetupLoadedEditorAssemblies (1381ms)
			LogAssemblyErrors (0ms)
			InitializePlatformSupportModulesInManaged (2ms)
			SetLoadedEditorAssemblies (7ms)
			BeforeProcessingInitializeOnLoad (97ms)
			ProcessInitializeOnLoadAttributes (1090ms)
			ProcessInitializeOnLoadMethodAttributes (176ms)
			AfterProcessingInitializeOnLoad (8ms)
			EditorAssembliesLoaded (0ms)
		ExecutionOrderSort2 (0ms)
		AwakeInstancesAfterBackupRestoration (32ms)
Refreshing native plugins compatible for Editor in 3.32 ms, found 4 plugins.
Preloading 0 native plugins for Editor in 0.00 ms.
Unloading 24 Unused Serialized files (Serialized files now loaded: 0)
Unloading 7689 unused Assets / (5.3 MB). Loaded Objects now: 8397.
Memory consumption went from 174.2 MB to 168.9 MB.
Total: 24.029200 ms (FindLiveObjects: 1.677700 ms CreateObjectMapping: 3.694200 ms MarkObjects: 12.587700 ms  DeleteObjects: 6.068300 ms)

Unloading 0 Unused Serialized files (Serialized files now loaded: 0)
Unloading 0 unused Assets / (5.8 MB). Loaded Objects now: 8397.
Memory consumption went from 168.9 MB to 163.1 MB.
Total: 16.701100 ms (FindLiveObjects: 0.983500 ms CreateObjectMapping: 1.193800 ms MarkObjects: 11.741200 ms  DeleteObjects: 2.780900 ms)

Prepare: number of updated asset objects reloaded= 0
========================================================================
Received Prepare
Assembly reference Packages/com.unity.entities/Unity.Scenes.Editor/Internals/Properties/Unity.Properties.Internals.asmref has no target assembly definition
Assembly reference Packages/com.unity.entities/Unity.Scenes.Editor/Internals/Properties/Unity.Properties.Internals.asmref has no target assembly definition
Begin MonoManager ReloadAssembly
- Loaded All Assemblies, in  0.921 seconds
Assembly reference Packages/com.unity.entities/Unity.Scenes.Editor/Internals/Properties/Unity.Properties.Internals.asmref has no target assembly definition
Refreshing native plugins compatible for Editor in 1.78 ms, found 4 plugins.
Native extension for WindowsStandalone target not found
Assembly reference Packages/com.unity.entities/Unity.Scenes.Editor/Internals/Properties/Unity.Properties.Internals.asmref has no target assembly definition
[Package Manager] Failed to launch server process. Reason: Unity was launched with the -noUpm command-line argument
[Package Manager] Unable to send message (not connected to server process).
[Package Manager] Cannot connect to Unity Package Manager local server
TypeManager.Initialize took: 453ms
Mono: successfully reloaded assembly
- Finished resetting the current domain, in  1.761 seconds
Domain Reload Profiling: 2682ms
	BeginReloadAssembly (250ms)
		ExecutionOrderSort (0ms)
		DisableScriptedObjects (6ms)
		BackupInstance (0ms)
		ReleaseScriptingObjects (0ms)
		CreateAndSetChildDomain (86ms)
	RebuildCommonClasses (40ms)
	RebuildNativeTypeToScriptingClass (16ms)
	initialDomainReloadingComplete (35ms)
	LoadAllAssembliesAndSetupDomain (579ms)
		LoadAssemblies (437ms)
		RebuildTransferFunctionScriptingTraits (0ms)
		AnalyzeDomain (255ms)
			TypeCache.Refresh (10ms)
				TypeCache.ScanAssembly (0ms)
			BuildScriptInfoCaches (223ms)
			ResolveRequiredComponents (17ms)
	FinalizeReload (1762ms)
		ReleaseScriptCaches (0ms)
		RebuildScriptCaches (0ms)
		SetupLoadedEditorAssemblies (1451ms)
			LogAssemblyErrors (0ms)
			InitializePlatformSupportModulesInManaged (4ms)
			SetLoadedEditorAssemblies (15ms)
			BeforeProcessingInitializeOnLoad (102ms)
			ProcessInitializeOnLoadAttributes (1142ms)
			ProcessInitializeOnLoadMethodAttributes (178ms)
			AfterProcessingInitializeOnLoad (9ms)
			EditorAssembliesLoaded (1ms)
		ExecutionOrderSort2 (0ms)
		AwakeInstancesAfterBackupRestoration (32ms)
Refreshing native plugins compatible for Editor in 2.93 ms, found 4 plugins.
Preloading 0 native plugins for Editor in 0.00 ms.
Unloading 24 Unused Serialized files (Serialized files now loaded: 0)
Unloading 7689 unused Assets / (5.9 MB). Loaded Objects now: 8397.
Memory consumption went from 176.1 MB to 170.2 MB.
Total: 21.453200 ms (FindLiveObjects: 1.333200 ms CreateObjectMapping: 2.413100 ms MarkObjects: 11.603700 ms  DeleteObjects: 6.101700 ms)

Unloading 0 Unused Serialized files (Serialized files now loaded: 0)
Unloading 0 unused Assets / (5.1 MB). Loaded Objects now: 8397.
Memory consumption went from 170.2 MB to 165.0 MB.
Total: 15.776500 ms (FindLiveObjects: 0.847400 ms CreateObjectMapping: 1.041400 ms MarkObjects: 11.890100 ms  DeleteObjects: 1.995500 ms)

Prepare: number of updated asset objects reloaded= 0
========================================================================
Received Prepare
Assembly reference Packages/com.unity.entities/Unity.Scenes.Editor/Internals/Properties/Unity.Properties.Internals.asmref has no target assembly definition
Assembly reference Packages/com.unity.entities/Unity.Scenes.Editor/Internals/Properties/Unity.Properties.Internals.asmref has no target assembly definition
Begin MonoManager ReloadAssembly
- Loaded All Assemblies, in  0.928 seconds
Assembly reference Packages/com.unity.entities/Unity.Scenes.Editor/Internals/Properties/Unity.Properties.Internals.asmref has no target assembly definition
Refreshing native plugins compatible for Editor in 1.90 ms, found 4 plugins.
Native extension for WindowsStandalone target not found
Assembly reference Packages/com.unity.entities/Unity.Scenes.Editor/Internals/Properties/Unity.Properties.Internals.asmref has no target assembly definition
[Package Manager] Failed to launch server process. Reason: Unity was launched with the -noUpm command-line argument
[Package Manager] Unable to send message (not connected to server process).
[Package Manager] Cannot connect to Unity Package Manager local server
TypeManager.Initialize took: 435ms
Mono: successfully reloaded assembly
- Finished resetting the current domain, in  1.718 seconds
Domain Reload Profiling: 2645ms
	BeginReloadAssembly (246ms)
		ExecutionOrderSort (0ms)
		DisableScriptedObjects (6ms)
		BackupInstance (0ms)
		ReleaseScriptingObjects (0ms)
		CreateAndSetChildDomain (83ms)
	RebuildCommonClasses (40ms)
	RebuildNativeTypeToScriptingClass (16ms)
	initialDomainReloadingComplete (37ms)
	LoadAllAssembliesAndSetupDomain (587ms)
		LoadAssemblies (444ms)
		RebuildTransferFunctionScriptingTraits (0ms)
		AnalyzeDomain (254ms)
			TypeCache.Refresh (11ms)
				TypeCache.ScanAssembly (0ms)
			BuildScriptInfoCaches (223ms)
			ResolveRequiredComponents (15ms)
	FinalizeReload (1719ms)
		ReleaseScriptCaches (0ms)
		RebuildScriptCaches (0ms)
		SetupLoadedEditorAssemblies (1415ms)
			LogAssemblyErrors (0ms)
			InitializePlatformSupportModulesInManaged (3ms)
			SetLoadedEditorAssemblies (8ms)
			BeforeProcessingInitializeOnLoad (96ms)
			ProcessInitializeOnLoadAttributes (1121ms)
			ProcessInitializeOnLoadMethodAttributes (179ms)
			AfterProcessingInitializeOnLoad (8ms)
			EditorAssembliesLoaded (0ms)
		ExecutionOrderSort2 (0ms)
		AwakeInstancesAfterBackupRestoration (32ms)
Refreshing native plugins compatible for Editor in 3.36 ms, found 4 plugins.
Preloading 0 native plugins for Editor in 0.00 ms.
Unloading 24 Unused Serialized files (Serialized files now loaded: 0)
Unloading 7689 unused Assets / (6.3 MB). Loaded Objects now: 8397.
Memory consumption went from 178.0 MB to 171.7 MB.
Total: 22.523800 ms (FindLiveObjects: 1.263700 ms CreateObjectMapping: 2.696400 ms MarkObjects: 11.287500 ms  DeleteObjects: 7.274400 ms)

Unloading 0 Unused Serialized files (Serialized files now loaded: 0)
Unloading 0 unused Assets / (4.7 MB). Loaded Objects now: 8397.
Memory consumption went from 171.7 MB to 166.9 MB.
Total: 15.047000 ms (FindLiveObjects: 0.801000 ms CreateObjectMapping: 0.893400 ms MarkObjects: 11.289100 ms  DeleteObjects: 2.062100 ms)

Prepare: number of updated asset objects reloaded= 0
========================================================================
Received Prepare
Assembly reference Packages/com.unity.entities/Unity.Scenes.Editor/Internals/Properties/Unity.Properties.Internals.asmref has no target assembly definition
Assembly reference Packages/com.unity.entities/Unity.Scenes.Editor/Internals/Properties/Unity.Properties.Internals.asmref has no target assembly definition
Begin MonoManager ReloadAssembly
- Loaded All Assemblies, in  0.905 seconds
Assembly reference Packages/com.unity.entities/Unity.Scenes.Editor/Internals/Properties/Unity.Properties.Internals.asmref has no target assembly definition
Refreshing native plugins compatible for Editor in 1.71 ms, found 4 plugins.
Native extension for WindowsStandalone target not found
Assembly reference Packages/com.unity.entities/Unity.Scenes.Editor/Internals/Properties/Unity.Properties.Internals.asmref has no target assembly definition
[Package Manager] Failed to launch server process. Reason: Unity was launched with the -noUpm command-line argument
[Package Manager] Unable to send message (not connected to server process).
[Package Manager] Cannot connect to Unity Package Manager local server
TypeManager.Initialize took: 463ms
Mono: successfully reloaded assembly
- Finished resetting the current domain, in  1.723 seconds
Domain Reload Profiling: 2628ms
	BeginReloadAssembly (236ms)
		ExecutionOrderSort (0ms)
		DisableScriptedObjects (7ms)
		BackupInstance (0ms)
		ReleaseScriptingObjects (0ms)
		CreateAndSetChildDomain (78ms)
	RebuildCommonClasses (40ms)
	RebuildNativeTypeToScriptingClass (21ms)
	initialDomainReloadingComplete (38ms)
	LoadAllAssembliesAndSetupDomain (570ms)
		LoadAssemblies (426ms)
		RebuildTransferFunctionScriptingTraits (0ms)
		AnalyzeDomain (249ms)
			TypeCache.Refresh (9ms)
				TypeCache.ScanAssembly (0ms)
			BuildScriptInfoCaches (221ms)
			ResolveRequiredComponents (15ms)
	FinalizeReload (1723ms)
		ReleaseScriptCaches (0ms)
		RebuildScriptCaches (0ms)
		SetupLoadedEditorAssemblies (1441ms)
			LogAssemblyErrors (0ms)
			InitializePlatformSupportModulesInManaged (2ms)
			SetLoadedEditorAssemblies (7ms)
			BeforeProcessingInitializeOnLoad (103ms)
			ProcessInitializeOnLoadAttributes (1132ms)
			ProcessInitializeOnLoadMethodAttributes (189ms)
			AfterProcessingInitializeOnLoad (8ms)
			EditorAssembliesLoaded (1ms)
		ExecutionOrderSort2 (0ms)
		AwakeInstancesAfterBackupRestoration (29ms)
Refreshing native plugins compatible for Editor in 3.06 ms, found 4 plugins.
Preloading 0 native plugins for Editor in 0.00 ms.
Unloading 24 Unused Serialized files (Serialized files now loaded: 0)
Unloading 7689 unused Assets / (5.8 MB). Loaded Objects now: 8397.
Memory consumption went from 180.0 MB to 174.1 MB.
Total: 20.980400 ms (FindLiveObjects: 1.243000 ms CreateObjectMapping: 2.401200 ms MarkObjects: 11.230500 ms  DeleteObjects: 6.103800 ms)

Unloading 0 Unused Serialized files (Serialized files now loaded: 0)
Unloading 0 unused Assets / (5.2 MB). Loaded Objects now: 8397.
Memory consumption went from 174.1 MB to 168.9 MB.
Total: 15.123900 ms (FindLiveObjects: 0.809600 ms CreateObjectMapping: 0.930900 ms MarkObjects: 11.382500 ms  DeleteObjects: 1.999300 ms)

Prepare: number of updated asset objects reloaded= 0
========================================================================
Received Prepare
Assembly reference Packages/com.unity.entities/Unity.Scenes.Editor/Internals/Properties/Unity.Properties.Internals.asmref has no target assembly definition
Assembly reference Packages/com.unity.entities/Unity.Scenes.Editor/Internals/Properties/Unity.Properties.Internals.asmref has no target assembly definition
Begin MonoManager ReloadAssembly
- Loaded All Assemblies, in  0.954 seconds
Assembly reference Packages/com.unity.entities/Unity.Scenes.Editor/Internals/Properties/Unity.Properties.Internals.asmref has no target assembly definition
Refreshing native plugins compatible for Editor in 1.72 ms, found 4 plugins.
Native extension for WindowsStandalone target not found
Assembly reference Packages/com.unity.entities/Unity.Scenes.Editor/Internals/Properties/Unity.Properties.Internals.asmref has no target assembly definition
[Package Manager] Failed to launch server process. Reason: Unity was launched with the -noUpm command-line argument
[Package Manager] Unable to send message (not connected to server process).
[Package Manager] Cannot connect to Unity Package Manager local server
TypeManager.Initialize took: 443ms
Mono: successfully reloaded assembly
- Finished resetting the current domain, in  1.716 seconds
Domain Reload Profiling: 2670ms
	BeginReloadAssembly (275ms)
		ExecutionOrderSort (0ms)
		DisableScriptedObjects (6ms)
		BackupInstance (0ms)
		ReleaseScriptingObjects (0ms)
		CreateAndSetChildDomain (90ms)
	RebuildCommonClasses (46ms)
	RebuildNativeTypeToScriptingClass (16ms)
	initialDomainReloadingComplete (35ms)
	LoadAllAssembliesAndSetupDomain (581ms)
		LoadAssemblies (461ms)
		RebuildTransferFunctionScriptingTraits (0ms)
		AnalyzeDomain (247ms)
			TypeCache.Refresh (9ms)
				TypeCache.ScanAssembly (0ms)
			BuildScriptInfoCaches (218ms)
			ResolveRequiredComponents (15ms)
	FinalizeReload (1717ms)
		ReleaseScriptCaches (0ms)
		RebuildScriptCaches (0ms)
		SetupLoadedEditorAssemblies (1428ms)
			LogAssemblyErrors (0ms)
			InitializePlatformSupportModulesInManaged (3ms)
			SetLoadedEditorAssemblies (6ms)
			BeforeProcessingInitializeOnLoad (99ms)
			ProcessInitializeOnLoadAttributes (1125ms)
			ProcessInitializeOnLoadMethodAttributes (187ms)
			AfterProcessingInitializeOnLoad (8ms)
			EditorAssembliesLoaded (0ms)
		ExecutionOrderSort2 (0ms)
		AwakeInstancesAfterBackupRestoration (31ms)
Refreshing native plugins compatible for Editor in 2.81 ms, found 4 plugins.
Preloading 0 native plugins for Editor in 0.00 ms.
Unloading 24 Unused Serialized files (Serialized files now loaded: 0)
Unloading 7689 unused Assets / (6.0 MB). Loaded Objects now: 8397.
Memory consumption went from 181.9 MB to 175.9 MB.
Total: 20.412000 ms (FindLiveObjects: 1.421800 ms CreateObjectMapping: 2.275500 ms MarkObjects: 11.022200 ms  DeleteObjects: 5.691000 ms)

Unloading 0 Unused Serialized files (Serialized files now loaded: 0)
Unloading 0 unused Assets / (5.1 MB). Loaded Objects now: 8397.
Memory consumption went from 175.9 MB to 170.8 MB.
Total: 14.583600 ms (FindLiveObjects: 0.722200 ms CreateObjectMapping: 0.993200 ms MarkObjects: 10.983700 ms  DeleteObjects: 1.882900 ms)

Prepare: number of updated asset objects reloaded= 0
========================================================================
Received Import Request.
  Time since last request: 689.312216 seconds.
  path: Assets/Scenes/Level_1.unity
  artifactKey: Guid(41b31998326d7b84c9541206a7b4cfcf) Importer(815301076,1909f56bfc062723c751e8b465ee728b)
Start importing Assets/Scenes/Level_1.unity using Guid(41b31998326d7b84c9541206a7b4cfcf) Importer(815301076,1909f56bfc062723c751e8b465ee728b) (PreviewImporter) -> (artifact id: '54fa1890f3146f3ada7bf859bdb16074') in 0.0058992 seconds
Number of updated asset objects reloaded before import = 0Number of asset objects unloaded after import = 0

========================================================================
Received Prepare
Assembly reference Packages/com.unity.entities/Unity.Scenes.Editor/Internals/Properties/Unity.Properties.Internals.asmref has no target assembly definition
Assembly reference Packages/com.unity.entities/Unity.Scenes.Editor/Internals/Properties/Unity.Properties.Internals.asmref has no target assembly definition
Begin MonoManager ReloadAssembly
- Loaded All Assemblies, in  0.957 seconds
Assembly reference Packages/com.unity.entities/Unity.Scenes.Editor/Internals/Properties/Unity.Properties.Internals.asmref has no target assembly definition
Refreshing native plugins compatible for Editor in 1.73 ms, found 4 plugins.
Native extension for WindowsStandalone target not found
Assembly reference Packages/com.unity.entities/Unity.Scenes.Editor/Internals/Properties/Unity.Properties.Internals.asmref has no target assembly definition
[Package Manager] Failed to launch server process. Reason: Unity was launched with the -noUpm command-line argument
[Package Manager] Unable to send message (not connected to server process).
[Package Manager] Cannot connect to Unity Package Manager local server
TypeManager.Initialize took: 468ms
Mono: successfully reloaded assembly
- Finished resetting the current domain, in  1.790 seconds
Domain Reload Profiling: 2747ms
	BeginReloadAssembly (259ms)
		ExecutionOrderSort (0ms)
		DisableScriptedObjects (11ms)
		BackupInstance (0ms)
		ReleaseScriptingObjects (0ms)
		CreateAndSetChildDomain (92ms)
	RebuildCommonClasses (41ms)
	RebuildNativeTypeToScriptingClass (16ms)
	initialDomainReloadingComplete (37ms)
	LoadAllAssembliesAndSetupDomain (604ms)
		LoadAssemblies (453ms)
		RebuildTransferFunctionScriptingTraits (0ms)
		AnalyzeDomain (259ms)
			TypeCache.Refresh (9ms)
				TypeCache.ScanAssembly (0ms)
			BuildScriptInfoCaches (227ms)
			ResolveRequiredComponents (16ms)
	FinalizeReload (1791ms)
		ReleaseScriptCaches (0ms)
		RebuildScriptCaches (0ms)
		SetupLoadedEditorAssemblies (1492ms)
			LogAssemblyErrors (0ms)
			InitializePlatformSupportModulesInManaged (3ms)
			SetLoadedEditorAssemblies (7ms)
			BeforeProcessingInitializeOnLoad (96ms)
			ProcessInitializeOnLoadAttributes (1186ms)
			ProcessInitializeOnLoadMethodAttributes (193ms)
			AfterProcessingInitializeOnLoad (8ms)
			EditorAssembliesLoaded (0ms)
		ExecutionOrderSort2 (0ms)
		AwakeInstancesAfterBackupRestoration (32ms)
Refreshing native plugins compatible for Editor in 4.81 ms, found 4 plugins.
Preloading 0 native plugins for Editor in 0.00 ms.
Unloading 24 Unused Serialized files (Serialized files now loaded: 0)
Unloading 7689 unused Assets / (6.1 MB). Loaded Objects now: 8397.
Memory consumption went from 183.8 MB to 177.7 MB.
Total: 23.278700 ms (FindLiveObjects: 1.322000 ms CreateObjectMapping: 2.621200 ms MarkObjects: 12.409300 ms  DeleteObjects: 6.924200 ms)

Unloading 0 Unused Serialized files (Serialized files now loaded: 0)
Unloading 0 unused Assets / (5.0 MB). Loaded Objects now: 8397.
Memory consumption went from 177.7 MB to 172.7 MB.
Total: 16.347700 ms (FindLiveObjects: 0.703200 ms CreateObjectMapping: 1.078500 ms MarkObjects: 11.964800 ms  DeleteObjects: 2.599300 ms)

Prepare: number of updated asset objects reloaded= 0
========================================================================
Received Prepare
Assembly reference Packages/com.unity.entities/Unity.Scenes.Editor/Internals/Properties/Unity.Properties.Internals.asmref has no target assembly definition
Assembly reference Packages/com.unity.entities/Unity.Scenes.Editor/Internals/Properties/Unity.Properties.Internals.asmref has no target assembly definition
Begin MonoManager ReloadAssembly
- Loaded All Assemblies, in  0.905 seconds
Assembly reference Packages/com.unity.entities/Unity.Scenes.Editor/Internals/Properties/Unity.Properties.Internals.asmref has no target assembly definition
Refreshing native plugins compatible for Editor in 2.66 ms, found 4 plugins.
Native extension for WindowsStandalone target not found
Assembly reference Packages/com.unity.entities/Unity.Scenes.Editor/Internals/Properties/Unity.Properties.Internals.asmref has no target assembly definition
[Package Manager] Failed to launch server process. Reason: Unity was launched with the -noUpm command-line argument
[Package Manager] Unable to send message (not connected to server process).
[Package Manager] Cannot connect to Unity Package Manager local server
TypeManager.Initialize took: 457ms
Mono: successfully reloaded assembly
- Finished resetting the current domain, in  1.684 seconds
Domain Reload Profiling: 2589ms
	BeginReloadAssembly (246ms)
		ExecutionOrderSort (0ms)
		DisableScriptedObjects (6ms)
		BackupInstance (0ms)
		ReleaseScriptingObjects (0ms)
		CreateAndSetChildDomain (78ms)
	RebuildCommonClasses (40ms)
	RebuildNativeTypeToScriptingClass (16ms)
	initialDomainReloadingComplete (36ms)
	LoadAllAssembliesAndSetupDomain (567ms)
		LoadAssemblies (445ms)
		RebuildTransferFunctionScriptingTraits (0ms)
		AnalyzeDomain (227ms)
			TypeCache.Refresh (8ms)
				TypeCache.ScanAssembly (0ms)
			BuildScriptInfoCaches (199ms)
			ResolveRequiredComponents (15ms)
	FinalizeReload (1685ms)
		ReleaseScriptCaches (0ms)
		RebuildScriptCaches (0ms)
		SetupLoadedEditorAssemblies (1393ms)
			LogAssemblyErrors (0ms)
			InitializePlatformSupportModulesInManaged (3ms)
			SetLoadedEditorAssemblies (7ms)
			BeforeProcessingInitializeOnLoad (96ms)
			ProcessInitializeOnLoadAttributes (1097ms)
			ProcessInitializeOnLoadMethodAttributes (181ms)
			AfterProcessingInitializeOnLoad (8ms)
			EditorAssembliesLoaded (0ms)
		ExecutionOrderSort2 (0ms)
		AwakeInstancesAfterBackupRestoration (31ms)
Refreshing native plugins compatible for Editor in 3.37 ms, found 4 plugins.
Preloading 0 native plugins for Editor in 0.00 ms.
Unloading 24 Unused Serialized files (Serialized files now loaded: 0)
Unloading 7689 unused Assets / (5.4 MB). Loaded Objects now: 8397.
Memory consumption went from 185.7 MB to 180.4 MB.
Total: 21.287100 ms (FindLiveObjects: 1.770000 ms CreateObjectMapping: 2.536500 ms MarkObjects: 11.255100 ms  DeleteObjects: 5.723500 ms)

Unloading 0 Unused Serialized files (Serialized files now loaded: 0)
Unloading 0 unused Assets / (5.7 MB). Loaded Objects now: 8397.
Memory consumption went from 180.4 MB to 174.6 MB.
Total: 15.735100 ms (FindLiveObjects: 0.925300 ms CreateObjectMapping: 0.943500 ms MarkObjects: 11.528700 ms  DeleteObjects: 2.335400 ms)

Prepare: number of updated asset objects reloaded= 0
========================================================================
Received Prepare
Assembly reference Packages/com.unity.entities/Unity.Scenes.Editor/Internals/Properties/Unity.Properties.Internals.asmref has no target assembly definition
Assembly reference Packages/com.unity.entities/Unity.Scenes.Editor/Internals/Properties/Unity.Properties.Internals.asmref has no target assembly definition
Begin MonoManager ReloadAssembly
- Loaded All Assemblies, in  0.904 seconds
Assembly reference Packages/com.unity.entities/Unity.Scenes.Editor/Internals/Properties/Unity.Properties.Internals.asmref has no target assembly definition
Refreshing native plugins compatible for Editor in 2.17 ms, found 4 plugins.
Native extension for WindowsStandalone target not found
Assembly reference Packages/com.unity.entities/Unity.Scenes.Editor/Internals/Properties/Unity.Properties.Internals.asmref has no target assembly definition
[Package Manager] Failed to launch server process. Reason: Unity was launched with the -noUpm command-line argument
[Package Manager] Unable to send message (not connected to server process).
[Package Manager] Cannot connect to Unity Package Manager local server
TypeManager.Initialize took: 466ms
Mono: successfully reloaded assembly
- Finished resetting the current domain, in  1.759 seconds
Domain Reload Profiling: 2663ms
	BeginReloadAssembly (253ms)
		ExecutionOrderSort (0ms)
		DisableScriptedObjects (6ms)
		BackupInstance (0ms)
		ReleaseScriptingObjects (0ms)
		CreateAndSetChildDomain (86ms)
	RebuildCommonClasses (40ms)
	RebuildNativeTypeToScriptingClass (17ms)
	initialDomainReloadingComplete (36ms)
	LoadAllAssembliesAndSetupDomain (557ms)
		LoadAssemblies (435ms)
		RebuildTransferFunctionScriptingTraits (0ms)
		AnalyzeDomain (235ms)
			TypeCache.Refresh (8ms)
				TypeCache.ScanAssembly (0ms)
			BuildScriptInfoCaches (207ms)
			ResolveRequiredComponents (14ms)
	FinalizeReload (1760ms)
		ReleaseScriptCaches (0ms)
		RebuildScriptCaches (0ms)
		SetupLoadedEditorAssemblies (1444ms)
			LogAssemblyErrors (0ms)
			InitializePlatformSupportModulesInManaged (4ms)
			SetLoadedEditorAssemblies (8ms)
			BeforeProcessingInitializeOnLoad (110ms)
			ProcessInitializeOnLoadAttributes (1112ms)
			ProcessInitializeOnLoadMethodAttributes (202ms)
			AfterProcessingInitializeOnLoad (7ms)
			EditorAssembliesLoaded (1ms)
		ExecutionOrderSort2 (0ms)
		AwakeInstancesAfterBackupRestoration (31ms)
Refreshing native plugins compatible for Editor in 3.38 ms, found 4 plugins.
Preloading 0 native plugins for Editor in 0.00 ms.
Unloading 24 Unused Serialized files (Serialized files now loaded: 0)
Unloading 7689 unused Assets / (5.8 MB). Loaded Objects now: 8397.
Memory consumption went from 187.7 MB to 181.9 MB.
Total: 23.812200 ms (FindLiveObjects: 1.653500 ms CreateObjectMapping: 2.841400 ms MarkObjects: 12.618200 ms  DeleteObjects: 6.697900 ms)

Unloading 0 Unused Serialized files (Serialized files now loaded: 0)
Unloading 0 unused Assets / (5.3 MB). Loaded Objects now: 8397.
Memory consumption went from 181.8 MB to 176.6 MB.
Total: 15.492100 ms (FindLiveObjects: 1.074700 ms CreateObjectMapping: 1.002900 ms MarkObjects: 11.272900 ms  DeleteObjects: 2.140300 ms)

Prepare: number of updated asset objects reloaded= 0
========================================================================
Received Prepare
Assembly reference Packages/com.unity.entities/Unity.Scenes.Editor/Internals/Properties/Unity.Properties.Internals.asmref has no target assembly definition
Assembly reference Packages/com.unity.entities/Unity.Scenes.Editor/Internals/Properties/Unity.Properties.Internals.asmref has no target assembly definition
Begin MonoManager ReloadAssembly
- Loaded All Assemblies, in  0.881 seconds
Assembly reference Packages/com.unity.entities/Unity.Scenes.Editor/Internals/Properties/Unity.Properties.Internals.asmref has no target assembly definition
Refreshing native plugins compatible for Editor in 1.83 ms, found 4 plugins.
Native extension for WindowsStandalone target not found
Assembly reference Packages/com.unity.entities/Unity.Scenes.Editor/Internals/Properties/Unity.Properties.Internals.asmref has no target assembly definition
[Package Manager] Failed to launch server process. Reason: Unity was launched with the -noUpm command-line argument
[Package Manager] Unable to send message (not connected to server process).
[Package Manager] Cannot connect to Unity Package Manager local server
TypeManager.Initialize took: 424ms
Mono: successfully reloaded assembly
- Finished resetting the current domain, in  1.765 seconds
Domain Reload Profiling: 2647ms
	BeginReloadAssembly (236ms)
		ExecutionOrderSort (0ms)
		DisableScriptedObjects (6ms)
		BackupInstance (0ms)
		ReleaseScriptingObjects (0ms)
		CreateAndSetChildDomain (76ms)
	RebuildCommonClasses (41ms)
	RebuildNativeTypeToScriptingClass (16ms)
	initialDomainReloadingComplete (35ms)
	LoadAllAssembliesAndSetupDomain (553ms)
		LoadAssemblies (425ms)
		RebuildTransferFunctionScriptingTraits (0ms)
		AnalyzeDomain (233ms)
			TypeCache.Refresh (8ms)
				TypeCache.ScanAssembly (0ms)
			BuildScriptInfoCaches (203ms)
			ResolveRequiredComponents (17ms)
	FinalizeReload (1765ms)
		ReleaseScriptCaches (0ms)
		RebuildScriptCaches (0ms)
		SetupLoadedEditorAssemblies (1476ms)
			LogAssemblyErrors (0ms)
			InitializePlatformSupportModulesInManaged (2ms)
			SetLoadedEditorAssemblies (6ms)
			BeforeProcessingInitializeOnLoad (112ms)
			ProcessInitializeOnLoadAttributes (1153ms)
			ProcessInitializeOnLoadMethodAttributes (195ms)
			AfterProcessingInitializeOnLoad (7ms)
			EditorAssembliesLoaded (0ms)
		ExecutionOrderSort2 (0ms)
		AwakeInstancesAfterBackupRestoration (29ms)
Refreshing native plugins compatible for Editor in 3.44 ms, found 4 plugins.
Preloading 0 native plugins for Editor in 0.00 ms.
Unloading 24 Unused Serialized files (Serialized files now loaded: 0)
Unloading 7689 unused Assets / (6.0 MB). Loaded Objects now: 8397.
Memory consumption went from 189.6 MB to 183.6 MB.
Total: 23.947000 ms (FindLiveObjects: 1.456800 ms CreateObjectMapping: 2.724300 ms MarkObjects: 12.463700 ms  DeleteObjects: 7.300600 ms)

Unloading 0 Unused Serialized files (Serialized files now loaded: 0)
Unloading 0 unused Assets / (5.1 MB). Loaded Objects now: 8397.
Memory consumption went from 183.6 MB to 178.5 MB.
Total: 16.685800 ms (FindLiveObjects: 1.070400 ms CreateObjectMapping: 1.367700 ms MarkObjects: 12.286700 ms  DeleteObjects: 1.958700 ms)

Prepare: number of updated asset objects reloaded= 0
========================================================================
Received Prepare
Assembly reference Packages/com.unity.entities/Unity.Scenes.Editor/Internals/Properties/Unity.Properties.Internals.asmref has no target assembly definition
Assembly reference Packages/com.unity.entities/Unity.Scenes.Editor/Internals/Properties/Unity.Properties.Internals.asmref has no target assembly definition
Begin MonoManager ReloadAssembly
- Loaded All Assemblies, in  0.896 seconds
Assembly reference Packages/com.unity.entities/Unity.Scenes.Editor/Internals/Properties/Unity.Properties.Internals.asmref has no target assembly definition
Refreshing native plugins compatible for Editor in 1.71 ms, found 4 plugins.
Native extension for WindowsStandalone target not found
Assembly reference Packages/com.unity.entities/Unity.Scenes.Editor/Internals/Properties/Unity.Properties.Internals.asmref has no target assembly definition
[Package Manager] Failed to launch server process. Reason: Unity was launched with the -noUpm command-line argument
[Package Manager] Unable to send message (not connected to server process).
[Package Manager] Cannot connect to Unity Package Manager local server
TypeManager.Initialize took: 463ms
Mono: successfully reloaded assembly
- Finished resetting the current domain, in  1.727 seconds
Domain Reload Profiling: 2623ms
	BeginReloadAssembly (240ms)
		ExecutionOrderSort (0ms)
		DisableScriptedObjects (6ms)
		BackupInstance (0ms)
		ReleaseScriptingObjects (0ms)
		CreateAndSetChildDomain (82ms)
	RebuildCommonClasses (48ms)
	RebuildNativeTypeToScriptingClass (23ms)
	initialDomainReloadingComplete (38ms)
	LoadAllAssembliesAndSetupDomain (546ms)
		LoadAssemblies (427ms)
		RebuildTransferFunctionScriptingTraits (0ms)
		AnalyzeDomain (225ms)
			TypeCache.Refresh (9ms)
				TypeCache.ScanAssembly (0ms)
			BuildScriptInfoCaches (198ms)
			ResolveRequiredComponents (15ms)
	FinalizeReload (1728ms)
		ReleaseScriptCaches (0ms)
		RebuildScriptCaches (0ms)
		SetupLoadedEditorAssemblies (1430ms)
			LogAssemblyErrors (0ms)
			InitializePlatformSupportModulesInManaged (3ms)
			SetLoadedEditorAssemblies (7ms)
			BeforeProcessingInitializeOnLoad (95ms)
			ProcessInitializeOnLoadAttributes (1127ms)
			ProcessInitializeOnLoadMethodAttributes (190ms)
			AfterProcessingInitializeOnLoad (9ms)
			EditorAssembliesLoaded (0ms)
		ExecutionOrderSort2 (0ms)
		AwakeInstancesAfterBackupRestoration (31ms)
Refreshing native plugins compatible for Editor in 3.09 ms, found 4 plugins.
Preloading 0 native plugins for Editor in 0.00 ms.
Unloading 24 Unused Serialized files (Serialized files now loaded: 0)
Unloading 7689 unused Assets / (5.9 MB). Loaded Objects now: 8397.
Memory consumption went from 191.5 MB to 185.5 MB.
Total: 22.188600 ms (FindLiveObjects: 1.503400 ms CreateObjectMapping: 2.530900 ms MarkObjects: 12.369200 ms  DeleteObjects: 5.783800 ms)

Unloading 0 Unused Serialized files (Serialized files now loaded: 0)
Unloading 0 unused Assets / (5.1 MB). Loaded Objects now: 8397.
Memory consumption went from 185.5 MB to 180.4 MB.
Total: 15.123200 ms (FindLiveObjects: 0.831100 ms CreateObjectMapping: 1.073300 ms MarkObjects: 11.092100 ms  DeleteObjects: 2.125400 ms)

Prepare: number of updated asset objects reloaded= 0
========================================================================
Received Prepare
Assembly reference Packages/com.unity.entities/Unity.Scenes.Editor/Internals/Properties/Unity.Properties.Internals.asmref has no target assembly definition
Assembly reference Packages/com.unity.entities/Unity.Scenes.Editor/Internals/Properties/Unity.Properties.Internals.asmref has no target assembly definition
Begin MonoManager ReloadAssembly
- Loaded All Assemblies, in  0.900 seconds
Assembly reference Packages/com.unity.entities/Unity.Scenes.Editor/Internals/Properties/Unity.Properties.Internals.asmref has no target assembly definition
Refreshing native plugins compatible for Editor in 1.73 ms, found 4 plugins.
Native extension for WindowsStandalone target not found
Assembly reference Packages/com.unity.entities/Unity.Scenes.Editor/Internals/Properties/Unity.Properties.Internals.asmref has no target assembly definition
[Package Manager] Failed to launch server process. Reason: Unity was launched with the -noUpm command-line argument
[Package Manager] Unable to send message (not connected to server process).
[Package Manager] Cannot connect to Unity Package Manager local server
TypeManager.Initialize took: 458ms
Mono: successfully reloaded assembly
- Finished resetting the current domain, in  1.778 seconds
Domain Reload Profiling: 2678ms
	BeginReloadAssembly (244ms)
		ExecutionOrderSort (0ms)
		DisableScriptedObjects (7ms)
		BackupInstance (0ms)
		ReleaseScriptingObjects (0ms)
		CreateAndSetChildDomain (75ms)
	RebuildCommonClasses (42ms)
	RebuildNativeTypeToScriptingClass (17ms)
	initialDomainReloadingComplete (40ms)
	LoadAllAssembliesAndSetupDomain (557ms)
		LoadAssemblies (443ms)
		RebuildTransferFunctionScriptingTraits (0ms)
		AnalyzeDomain (222ms)
			TypeCache.Refresh (10ms)
				TypeCache.ScanAssembly (0ms)
			BuildScriptInfoCaches (194ms)
			ResolveRequiredComponents (14ms)
	FinalizeReload (1778ms)
		ReleaseScriptCaches (0ms)
		RebuildScriptCaches (0ms)
		SetupLoadedEditorAssemblies (1465ms)
			LogAssemblyErrors (0ms)
			InitializePlatformSupportModulesInManaged (3ms)
			SetLoadedEditorAssemblies (8ms)
			BeforeProcessingInitializeOnLoad (110ms)
			ProcessInitializeOnLoadAttributes (1148ms)
			ProcessInitializeOnLoadMethodAttributes (188ms)
			AfterProcessingInitializeOnLoad (8ms)
			EditorAssembliesLoaded (1ms)
		ExecutionOrderSort2 (0ms)
		AwakeInstancesAfterBackupRestoration (31ms)
Refreshing native plugins compatible for Editor in 3.26 ms, found 4 plugins.
Preloading 0 native plugins for Editor in 0.00 ms.
Unloading 24 Unused Serialized files (Serialized files now loaded: 0)
Unloading 7689 unused Assets / (4.9 MB). Loaded Objects now: 8397.
Memory consumption went from 193.4 MB to 188.5 MB.
Total: 24.313400 ms (FindLiveObjects: 2.157100 ms CreateObjectMapping: 3.971700 ms MarkObjects: 11.601800 ms  DeleteObjects: 6.581300 ms)

Unloading 0 Unused Serialized files (Serialized files now loaded: 0)
Unloading 0 unused Assets / (5.8 MB). Loaded Objects now: 8397.
Memory consumption went from 188.1 MB to 182.3 MB.
Total: 16.711300 ms (FindLiveObjects: 0.987400 ms CreateObjectMapping: 1.072900 ms MarkObjects: 12.234300 ms  DeleteObjects: 2.362000 ms)

Prepare: number of updated asset objects reloaded= 0
========================================================================
Received Import Request.
  Time since last request: 473.785517 seconds.
  path: Assets/Scenes/Level_3.unity
  artifactKey: Guid(145483b4d1eb06545ac93a7766305919) Importer(815301076,1909f56bfc062723c751e8b465ee728b)
Start importing Assets/Scenes/Level_3.unity using Guid(145483b4d1eb06545ac93a7766305919) Importer(815301076,1909f56bfc062723c751e8b465ee728b) (PreviewImporter) -> (artifact id: '4c3e532588271237db87eb16892a2819') in 0.0055928 seconds
Number of updated asset objects reloaded before import = 0Number of asset objects unloaded after import = 0

========================================================================
Received Import Request.
  Time since last request: 4.124315 seconds.
  path: Assets/Scenes/Level_2.unity
  artifactKey: Guid(f6e5b0bb640b86542aedc9c5c039649e) Importer(815301076,1909f56bfc062723c751e8b465ee728b)
Start importing Assets/Scenes/Level_2.unity using Guid(f6e5b0bb640b86542aedc9c5c039649e) Importer(815301076,1909f56bfc062723c751e8b465ee728b) (PreviewImporter) -> (artifact id: 'a359a1919857b55d68cf09743a938d0e') in 0.0005423 seconds
Number of updated asset objects reloaded before import = 0Number of asset objects unloaded after import = 0

========================================================================
Received Prepare
Assembly reference Packages/com.unity.entities/Unity.Scenes.Editor/Internals/Properties/Unity.Properties.Internals.asmref has no target assembly definition
Assembly reference Packages/com.unity.entities/Unity.Scenes.Editor/Internals/Properties/Unity.Properties.Internals.asmref has no target assembly definition
Begin MonoManager ReloadAssembly
- Loaded All Assemblies, in  0.958 seconds
Assembly reference Packages/com.unity.entities/Unity.Scenes.Editor/Internals/Properties/Unity.Properties.Internals.asmref has no target assembly definition
Refreshing native plugins compatible for Editor in 2.70 ms, found 4 plugins.
Native extension for WindowsStandalone target not found
Assembly reference Packages/com.unity.entities/Unity.Scenes.Editor/Internals/Properties/Unity.Properties.Internals.asmref has no target assembly definition
[Package Manager] Failed to launch server process. Reason: Unity was launched with the -noUpm command-line argument
[Package Manager] Unable to send message (not connected to server process).
[Package Manager] Cannot connect to Unity Package Manager local server
TypeManager.Initialize took: 445ms
Mono: successfully reloaded assembly
- Finished resetting the current domain, in  1.733 seconds
Domain Reload Profiling: 2693ms
	BeginReloadAssembly (266ms)
		ExecutionOrderSort (0ms)
		DisableScriptedObjects (6ms)
		BackupInstance (0ms)
		ReleaseScriptingObjects (0ms)
		CreateAndSetChildDomain (94ms)
	RebuildCommonClasses (43ms)
	RebuildNativeTypeToScriptingClass (22ms)
	initialDomainReloadingComplete (36ms)
	LoadAllAssembliesAndSetupDomain (593ms)
		LoadAssemblies (448ms)
		RebuildTransferFunctionScriptingTraits (0ms)
		AnalyzeDomain (258ms)
			TypeCache.Refresh (10ms)
				TypeCache.ScanAssembly (0ms)
			BuildScriptInfoCaches (225ms)
			ResolveRequiredComponents (16ms)
	FinalizeReload (1734ms)
		ReleaseScriptCaches (0ms)
		RebuildScriptCaches (0ms)
		SetupLoadedEditorAssemblies (1440ms)
			LogAssemblyErrors (0ms)
			InitializePlatformSupportModulesInManaged (2ms)
			SetLoadedEditorAssemblies (7ms)
			BeforeProcessingInitializeOnLoad (95ms)
			ProcessInitializeOnLoadAttributes (1139ms)
			ProcessInitializeOnLoadMethodAttributes (188ms)
			AfterProcessingInitializeOnLoad (9ms)
			EditorAssembliesLoaded (0ms)
		ExecutionOrderSort2 (0ms)
		AwakeInstancesAfterBackupRestoration (30ms)
Refreshing native plugins compatible for Editor in 3.00 ms, found 4 plugins.
Preloading 0 native plugins for Editor in 0.00 ms.
Unloading 24 Unused Serialized files (Serialized files now loaded: 0)
Unloading 7689 unused Assets / (6.0 MB). Loaded Objects now: 8397.
Memory consumption went from 195.4 MB to 189.4 MB.
Total: 23.844300 ms (FindLiveObjects: 1.774200 ms CreateObjectMapping: 2.518200 ms MarkObjects: 12.855200 ms  DeleteObjects: 6.695000 ms)

Unloading 0 Unused Serialized files (Serialized files now loaded: 0)
Unloading 0 unused Assets / (5.1 MB). Loaded Objects now: 8397.
Memory consumption went from 189.4 MB to 184.3 MB.
Total: 14.663000 ms (FindLiveObjects: 0.789100 ms CreateObjectMapping: 1.106200 ms MarkObjects: 10.950800 ms  DeleteObjects: 1.815200 ms)

Prepare: number of updated asset objects reloaded= 0
========================================================================
Received Import Request.
  Time since last request: 76.864797 seconds.
  path: Assets/Scenes/MainMenu.unity
  artifactKey: Guid(a431b3f415b83444a8ca6e79f1f7c8c9) Importer(815301076,1909f56bfc062723c751e8b465ee728b)
Start importing Assets/Scenes/MainMenu.unity using Guid(a431b3f415b83444a8ca6e79f1f7c8c9) Importer(815301076,1909f56bfc062723c751e8b465ee728b) (PreviewImporter) -> (artifact id: '1a6cdb91668155b7b314b3070ceb6b4c') in 0.0065892 seconds
Number of updated asset objects reloaded before import = 0Number of asset objects unloaded after import = 0

========================================================================
Received Prepare
Assembly reference Packages/com.unity.entities/Unity.Scenes.Editor/Internals/Properties/Unity.Properties.Internals.asmref has no target assembly definition
Assembly reference Packages/com.unity.entities/Unity.Scenes.Editor/Internals/Properties/Unity.Properties.Internals.asmref has no target assembly definition
Begin MonoManager ReloadAssembly
- Loaded All Assemblies, in  0.912 seconds
Assembly reference Packages/com.unity.entities/Unity.Scenes.Editor/Internals/Properties/Unity.Properties.Internals.asmref has no target assembly definition
Refreshing native plugins compatible for Editor in 1.85 ms, found 4 plugins.
Native extension for WindowsStandalone target not found
Assembly reference Packages/com.unity.entities/Unity.Scenes.Editor/Internals/Properties/Unity.Properties.Internals.asmref has no target assembly definition
[Package Manager] Failed to launch server process. Reason: Unity was launched with the -noUpm command-line argument
[Package Manager] Unable to send message (not connected to server process).
[Package Manager] Cannot connect to Unity Package Manager local server
TypeManager.Initialize took: 472ms
Mono: successfully reloaded assembly
- Finished resetting the current domain, in  1.742 seconds
Domain Reload Profiling: 2654ms
	BeginReloadAssembly (244ms)
		ExecutionOrderSort (0ms)
		DisableScriptedObjects (7ms)
		BackupInstance (0ms)
		ReleaseScriptingObjects (0ms)
		CreateAndSetChildDomain (77ms)
	RebuildCommonClasses (44ms)
	RebuildNativeTypeToScriptingClass (17ms)
	initialDomainReloadingComplete (40ms)
	LoadAllAssembliesAndSetupDomain (567ms)
		LoadAssemblies (446ms)
		RebuildTransferFunctionScriptingTraits (0ms)
		AnalyzeDomain (232ms)
			TypeCache.Refresh (9ms)
				TypeCache.ScanAssembly (0ms)
			BuildScriptInfoCaches (203ms)
			ResolveRequiredComponents (16ms)
	FinalizeReload (1743ms)
		ReleaseScriptCaches (0ms)
		RebuildScriptCaches (0ms)
		SetupLoadedEditorAssemblies (1442ms)
			LogAssemblyErrors (0ms)
			InitializePlatformSupportModulesInManaged (3ms)
			SetLoadedEditorAssemblies (4ms)
			BeforeProcessingInitializeOnLoad (84ms)
			ProcessInitializeOnLoadAttributes (1148ms)
			ProcessInitializeOnLoadMethodAttributes (194ms)
			AfterProcessingInitializeOnLoad (8ms)
			EditorAssembliesLoaded (0ms)
		ExecutionOrderSort2 (0ms)
		AwakeInstancesAfterBackupRestoration (31ms)
Refreshing native plugins compatible for Editor in 3.26 ms, found 4 plugins.
Preloading 0 native plugins for Editor in 0.00 ms.
Unloading 24 Unused Serialized files (Serialized files now loaded: 0)
Unloading 7689 unused Assets / (5.6 MB). Loaded Objects now: 8397.
Memory consumption went from 197.3 MB to 191.8 MB.
Total: 22.240600 ms (FindLiveObjects: 1.323800 ms CreateObjectMapping: 2.725700 ms MarkObjects: 11.289200 ms  DeleteObjects: 6.899700 ms)

Unloading 0 Unused Serialized files (Serialized files now loaded: 0)
Unloading 0 unused Assets / (5.5 MB). Loaded Objects now: 8397.
Memory consumption went from 191.8 MB to 186.2 MB.
Total: 15.406800 ms (FindLiveObjects: 0.689800 ms CreateObjectMapping: 0.924000 ms MarkObjects: 11.686000 ms  DeleteObjects: 2.104900 ms)

Prepare: number of updated asset objects reloaded= 0
========================================================================
Received Import Request.
  Time since last request: 540.492605 seconds.
  path: Assets/Other/TextMesh Pro/Examples & Extras/Resources/Fonts & Materials/Anton SDF.asset
  artifactKey: Guid(8a89fa14b10d46a99122fd4f73fca9a2) Importer(815301076,1909f56bfc062723c751e8b465ee728b)
Start importing Assets/Other/TextMesh Pro/Examples & Extras/Resources/Fonts & Materials/Anton SDF.asset using Guid(8a89fa14b10d46a99122fd4f73fca9a2) Importer(815301076,1909f56bfc062723c751e8b465ee728b) (PreviewImporter)Missing types referenced from component UniversalRenderPipelineGlobalSettings on game object UniversalRenderPipelineGlobalSettings:
	UnityEngine.Rendering.GPUResidentDrawerResources, Unity.RenderPipelines.GPUDriven.Runtime (1 object)
	UnityEngine.Rendering.IncludeAdditionalRPAssets, Unity.RenderPipelines.Core.Runtime (1 object)
	UnityEngine.Rendering.LightmapSamplingSettings, Unity.RenderPipelines.Core.Runtime (1 object)
	UnityEngine.Rendering.ProbeVolumeBakingResources, Unity.RenderPipelines.Core.Runtime (1 object)
	UnityEngine.Rendering.ProbeVolumeDebugResources, Unity.RenderPipelines.Core.Runtime (1 object)
	UnityEngine.Rendering.ProbeVolumeGlobalSettings, Unity.RenderPipelines.Core.Runtime (1 object)
	UnityEngine.Rendering.ProbeVolumeRuntimeResources, Unity.RenderPipelines.Core.Runtime (1 object)
	UnityEngine.Rendering.RenderGraphGlobalSettings, Unity.RenderPipelines.Core.Runtime (1 object)
	UnityEngine.Rendering.RenderGraphModule.Util.RenderGraphUtilsResources, Unity.RenderPipelines.Core.Runtime (1 object)
	UnityEngine.Rendering.STP/RuntimeResources, Unity.RenderPipelines.Core.Runtime (1 object)
	UnityEngine.Rendering.Universal.RenderGraphSettings, Unity.RenderPipelines.Universal.Runtime (1 object)
	UnityEngine.Rendering.Universal.Renderer2DResources, Unity.RenderPipelines.Universal.Runtime (1 object)
	UnityEngine.Rendering.Universal.URPDefaultVolumeProfileSettings, Unity.RenderPipelines.Universal.Runtime (1 object)
	UnityEngine.Rendering.Universal.UniversalRenderPipelineDebugShaders, Unity.RenderPipelines.Universal.Runtime (1 object)
	UnityEngine.Rendering.Universal.UniversalRenderPipelineEditorAssets, Unity.RenderPipelines.Universal.Runtime (1 object)
	UnityEngine.Rendering.Universal.UniversalRenderPipelineEditorMaterials, Unity.RenderPipelines.Universal.Runtime (1 object)
	UnityEngine.Rendering.Universal.UniversalRenderPipelineEditorShaders, Unity.RenderPipelines.Universal.Runtime (1 object)
	UnityEngine.Rendering.Universal.UniversalRenderPipelineRuntimeShaders, Unity.RenderPipelines.Universal.Runtime (1 object)
	UnityEngine.Rendering.Universal.UniversalRenderPipelineRuntimeTextures, Unity.RenderPipelines.Universal.Runtime (1 object)
	UnityEngine.Rendering.Universal.UniversalRenderPipelineRuntimeXRResources, Unity.RenderPipelines.Universal.Runtime (1 object)
	UnityEngine.Rendering.Universal.UniversalRendererResources, Unity.RenderPipelines.Universal.Runtime (1 object)
	UnityEngine.Rendering.VrsRenderPipelineRuntimeResources, Unity.RenderPipelines.Core.Runtime (1 object)
 -> (artifact id: 'ba9e60c51e1f5de0b596f2430f153cbc') in 0.8832704 seconds
Number of updated asset objects reloaded before import = 0Number of asset objects unloaded after import = 18

========================================================================
Received Import Request.
  Time since last request: 0.000033 seconds.
  path: Assets/Fonts/BLKCHCRY SDF.asset
  artifactKey: Guid(363361110c46e1e40ade5a63ec914f62) Importer(815301076,1909f56bfc062723c751e8b465ee728b)
Start importing Assets/Fonts/BLKCHCRY SDF.asset using Guid(363361110c46e1e40ade5a63ec914f62) Importer(815301076,1909f56bfc062723c751e8b465ee728b) (PreviewImporter)Missing types referenced from component UniversalRenderPipelineGlobalSettings on game object UniversalRenderPipelineGlobalSettings:
	UnityEngine.Rendering.GPUResidentDrawerResources, Unity.RenderPipelines.GPUDriven.Runtime (1 object)
	UnityEngine.Rendering.IncludeAdditionalRPAssets, Unity.RenderPipelines.Core.Runtime (1 object)
	UnityEngine.Rendering.LightmapSamplingSettings, Unity.RenderPipelines.Core.Runtime (1 object)
	UnityEngine.Rendering.ProbeVolumeBakingResources, Unity.RenderPipelines.Core.Runtime (1 object)
	UnityEngine.Rendering.ProbeVolumeDebugResources, Unity.RenderPipelines.Core.Runtime (1 object)
	UnityEngine.Rendering.ProbeVolumeGlobalSettings, Unity.RenderPipelines.Core.Runtime (1 object)
	UnityEngine.Rendering.ProbeVolumeRuntimeResources, Unity.RenderPipelines.Core.Runtime (1 object)
	UnityEngine.Rendering.RenderGraphGlobalSettings, Unity.RenderPipelines.Core.Runtime (1 object)
	UnityEngine.Rendering.RenderGraphModule.Util.RenderGraphUtilsResources, Unity.RenderPipelines.Core.Runtime (1 object)
	UnityEngine.Rendering.STP/RuntimeResources, Unity.RenderPipelines.Core.Runtime (1 object)
	UnityEngine.Rendering.Universal.RenderGraphSettings, Unity.RenderPipelines.Universal.Runtime (1 object)
	UnityEngine.Rendering.Universal.Renderer2DResources, Unity.RenderPipelines.Universal.Runtime (1 object)
	UnityEngine.Rendering.Universal.URPDefaultVolumeProfileSettings, Unity.RenderPipelines.Universal.Runtime (1 object)
	UnityEngine.Rendering.Universal.UniversalRenderPipelineDebugShaders, Unity.RenderPipelines.Universal.Runtime (1 object)
	UnityEngine.Rendering.Universal.UniversalRenderPipelineEditorAssets, Unity.RenderPipelines.Universal.Runtime (1 object)
	UnityEngine.Rendering.Universal.UniversalRenderPipelineEditorMaterials, Unity.RenderPipelines.Universal.Runtime (1 object)
	UnityEngine.Rendering.Universal.UniversalRenderPipelineEditorShaders, Unity.RenderPipelines.Universal.Runtime (1 object)
	UnityEngine.Rendering.Universal.UniversalRenderPipelineRuntimeShaders, Unity.RenderPipelines.Universal.Runtime (1 object)
	UnityEngine.Rendering.Universal.UniversalRenderPipelineRuntimeTextures, Unity.RenderPipelines.Universal.Runtime (1 object)
	UnityEngine.Rendering.Universal.UniversalRenderPipelineRuntimeXRResources, Unity.RenderPipelines.Universal.Runtime (1 object)
	UnityEngine.Rendering.Universal.UniversalRendererResources, Unity.RenderPipelines.Universal.Runtime (1 object)
	UnityEngine.Rendering.VrsRenderPipelineRuntimeResources, Unity.RenderPipelines.Core.Runtime (1 object)
 -> (artifact id: '3f176da5d7420c4582a657116e34002f') in 0.0712168 seconds
Number of updated asset objects reloaded before import = 0Number of asset objects unloaded after import = 5

========================================================================
Received Import Request.
  Time since last request: 0.000038 seconds.
  path: Assets/Other/TextMesh Pro/Resources/Fonts & Materials/LiberationSans SDF - Fallback.asset
  artifactKey: Guid(2e498d1c8094910479dc3e1b768306a4) Importer(815301076,1909f56bfc062723c751e8b465ee728b)
Start importing Assets/Other/TextMesh Pro/Resources/Fonts & Materials/LiberationSans SDF - Fallback.asset using Guid(2e498d1c8094910479dc3e1b768306a4) Importer(815301076,1909f56bfc062723c751e8b465ee728b) (PreviewImporter)Missing types referenced from component UniversalRenderPipelineGlobalSettings on game object UniversalRenderPipelineGlobalSettings:
	UnityEngine.Rendering.GPUResidentDrawerResources, Unity.RenderPipelines.GPUDriven.Runtime (1 object)
	UnityEngine.Rendering.IncludeAdditionalRPAssets, Unity.RenderPipelines.Core.Runtime (1 object)
	UnityEngine.Rendering.LightmapSamplingSettings, Unity.RenderPipelines.Core.Runtime (1 object)
	UnityEngine.Rendering.ProbeVolumeBakingResources, Unity.RenderPipelines.Core.Runtime (1 object)
	UnityEngine.Rendering.ProbeVolumeDebugResources, Unity.RenderPipelines.Core.Runtime (1 object)
	UnityEngine.Rendering.ProbeVolumeGlobalSettings, Unity.RenderPipelines.Core.Runtime (1 object)
	UnityEngine.Rendering.ProbeVolumeRuntimeResources, Unity.RenderPipelines.Core.Runtime (1 object)
	UnityEngine.Rendering.RenderGraphGlobalSettings, Unity.RenderPipelines.Core.Runtime (1 object)
	UnityEngine.Rendering.RenderGraphModule.Util.RenderGraphUtilsResources, Unity.RenderPipelines.Core.Runtime (1 object)
	UnityEngine.Rendering.STP/RuntimeResources, Unity.RenderPipelines.Core.Runtime (1 object)
	UnityEngine.Rendering.Universal.RenderGraphSettings, Unity.RenderPipelines.Universal.Runtime (1 object)
	UnityEngine.Rendering.Universal.Renderer2DResources, Unity.RenderPipelines.Universal.Runtime (1 object)
	UnityEngine.Rendering.Universal.URPDefaultVolumeProfileSettings, Unity.RenderPipelines.Universal.Runtime (1 object)
	UnityEngine.Rendering.Universal.UniversalRenderPipelineDebugShaders, Unity.RenderPipelines.Universal.Runtime (1 object)
	UnityEngine.Rendering.Universal.UniversalRenderPipelineEditorAssets, Unity.RenderPipelines.Universal.Runtime (1 object)
	UnityEngine.Rendering.Universal.UniversalRenderPipelineEditorMaterials, Unity.RenderPipelines.Universal.Runtime (1 object)
	UnityEngine.Rendering.Universal.UniversalRenderPipelineEditorShaders, Unity.RenderPipelines.Universal.Runtime (1 object)
	UnityEngine.Rendering.Universal.UniversalRenderPipelineRuntimeShaders, Unity.RenderPipelines.Universal.Runtime (1 object)
	UnityEngine.Rendering.Universal.UniversalRenderPipelineRuntimeTextures, Unity.RenderPipelines.Universal.Runtime (1 object)
	UnityEngine.Rendering.Universal.UniversalRenderPipelineRuntimeXRResources, Unity.RenderPipelines.Universal.Runtime (1 object)
	UnityEngine.Rendering.Universal.UniversalRendererResources, Unity.RenderPipelines.Universal.Runtime (1 object)
	UnityEngine.Rendering.VrsRenderPipelineRuntimeResources, Unity.RenderPipelines.Core.Runtime (1 object)
 -> (artifact id: 'c4739aeae91f6ce792e997c2e3f7aaaf') in 0.0689761 seconds
Number of updated asset objects reloaded before import = 0Number of asset objects unloaded after import = 7

========================================================================
Received Import Request.
  Time since last request: 0.000021 seconds.
  path: Assets/Other/TextMesh Pro/Resources/Fonts & Materials/LiberationSans SDF.asset
  artifactKey: Guid(8f586378b4e144a9851e7b34d9b748ee) Importer(815301076,1909f56bfc062723c751e8b465ee728b)
Start importing Assets/Other/TextMesh Pro/Resources/Fonts & Materials/LiberationSans SDF.asset using Guid(8f586378b4e144a9851e7b34d9b748ee) Importer(815301076,1909f56bfc062723c751e8b465ee728b) (PreviewImporter)Missing types referenced from component UniversalRenderPipelineGlobalSettings on game object UniversalRenderPipelineGlobalSettings:
	UnityEngine.Rendering.GPUResidentDrawerResources, Unity.RenderPipelines.GPUDriven.Runtime (1 object)
	UnityEngine.Rendering.IncludeAdditionalRPAssets, Unity.RenderPipelines.Core.Runtime (1 object)
	UnityEngine.Rendering.LightmapSamplingSettings, Unity.RenderPipelines.Core.Runtime (1 object)
	UnityEngine.Rendering.ProbeVolumeBakingResources, Unity.RenderPipelines.Core.Runtime (1 object)
	UnityEngine.Rendering.ProbeVolumeDebugResources, Unity.RenderPipelines.Core.Runtime (1 object)
	UnityEngine.Rendering.ProbeVolumeGlobalSettings, Unity.RenderPipelines.Core.Runtime (1 object)
	UnityEngine.Rendering.ProbeVolumeRuntimeResources, Unity.RenderPipelines.Core.Runtime (1 object)
	UnityEngine.Rendering.RenderGraphGlobalSettings, Unity.RenderPipelines.Core.Runtime (1 object)
	UnityEngine.Rendering.RenderGraphModule.Util.RenderGraphUtilsResources, Unity.RenderPipelines.Core.Runtime (1 object)
	UnityEngine.Rendering.STP/RuntimeResources, Unity.RenderPipelines.Core.Runtime (1 object)
	UnityEngine.Rendering.Universal.RenderGraphSettings, Unity.RenderPipelines.Universal.Runtime (1 object)
	UnityEngine.Rendering.Universal.Renderer2DResources, Unity.RenderPipelines.Universal.Runtime (1 object)
	UnityEngine.Rendering.Universal.URPDefaultVolumeProfileSettings, Unity.RenderPipelines.Universal.Runtime (1 object)
	UnityEngine.Rendering.Universal.UniversalRenderPipelineDebugShaders, Unity.RenderPipelines.Universal.Runtime (1 object)
	UnityEngine.Rendering.Universal.UniversalRenderPipelineEditorAssets, Unity.RenderPipelines.Universal.Runtime (1 object)
	UnityEngine.Rendering.Universal.UniversalRenderPipelineEditorMaterials, Unity.RenderPipelines.Universal.Runtime (1 object)
	UnityEngine.Rendering.Universal.UniversalRenderPipelineEditorShaders, Unity.RenderPipelines.Universal.Runtime (1 object)
	UnityEngine.Rendering.Universal.UniversalRenderPipelineRuntimeShaders, Unity.RenderPipelines.Universal.Runtime (1 object)
	UnityEngine.Rendering.Universal.UniversalRenderPipelineRuntimeTextures, Unity.RenderPipelines.Universal.Runtime (1 object)
	UnityEngine.Rendering.Universal.UniversalRenderPipelineRuntimeXRResources, Unity.RenderPipelines.Universal.Runtime (1 object)
	UnityEngine.Rendering.Universal.UniversalRendererResources, Unity.RenderPipelines.Universal.Runtime (1 object)
	UnityEngine.Rendering.VrsRenderPipelineRuntimeResources, Unity.RenderPipelines.Core.Runtime (1 object)
 -> (artifact id: 'dcb441a5b36985c101fa6a9f405f4a98') in 0.0686907 seconds
Number of updated asset objects reloaded before import = 0Number of asset objects unloaded after import = 10

========================================================================
Received Import Request.
  Time since last request: 756.252771 seconds.
  path: Assets/Scenes/Level_1.unity
  artifactKey: Guid(41b31998326d7b84c9541206a7b4cfcf) Importer(815301076,1909f56bfc062723c751e8b465ee728b)
Start importing Assets/Scenes/Level_1.unity using Guid(41b31998326d7b84c9541206a7b4cfcf) Importer(815301076,1909f56bfc062723c751e8b465ee728b) (PreviewImporter) -> (artifact id: '430220df19b8527c68a80590043ae52e') in 0.0010336 seconds
Number of updated asset objects reloaded before import = 0Number of asset objects unloaded after import = 0

========================================================================
Received Import Request.
  Time since last request: 4.068131 seconds.
  path: Assets/Prefabs/UI
  artifactKey: Guid(7ac217513778f8f4aac0ebe6963f8453) Importer(815301076,1909f56bfc062723c751e8b465ee728b)
Start importing Assets/Prefabs/UI using Guid(7ac217513778f8f4aac0ebe6963f8453) Importer(815301076,1909f56bfc062723c751e8b465ee728b) (PreviewImporter) -> (artifact id: '28e0063ee30835dda880f35766501419') in 0.0006222 seconds
Number of updated asset objects reloaded before import = 0Number of asset objects unloaded after import = 0

========================================================================
Received Import Request.
  Time since last request: 0.015762 seconds.
  path: Assets/Prefabs/UI/Canvas.prefab
  artifactKey: Guid(98072e05b966f1b43aff1a0efbea03c6) Importer(815301076,1909f56bfc062723c751e8b465ee728b)
Start importing Assets/Prefabs/UI/Canvas.prefab using Guid(98072e05b966f1b43aff1a0efbea03c6) Importer(815301076,1909f56bfc062723c751e8b465ee728b) (PreviewImporter) -> (artifact id: '2a2e90097d7f6a48effff293d35cce80') in 0.0516275 seconds
Number of updated asset objects reloaded before import = 0Number of asset objects unloaded after import = 275

========================================================================
Received Import Request.
  Time since last request: 0.000022 seconds.
  path: Assets/Prefabs/UI/PauseMenu.prefab
  artifactKey: Guid(7acc0cc4b54eff348a2b05a63792cc1b) Importer(815301076,1909f56bfc062723c751e8b465ee728b)
Start importing Assets/Prefabs/UI/PauseMenu.prefab using Guid(7acc0cc4b54eff348a2b05a63792cc1b) Importer(815301076,1909f56bfc062723c751e8b465ee728b) (PreviewImporter) -> (artifact id: 'be0812579da1b56423306ea46995e4a7') in 0.0132995 seconds
Number of updated asset objects reloaded before import = 0Number of asset objects unloaded after import = 125

========================================================================
Received Import Request.
  Time since last request: 0.000021 seconds.
  path: Assets/Prefabs/UI/Interface_InteractiveObjects.prefab
  artifactKey: Guid(feed98b4d21a4c84a9b89eb8ac1ec41d) Importer(815301076,1909f56bfc062723c751e8b465ee728b)
Start importing Assets/Prefabs/UI/Interface_InteractiveObjects.prefab using Guid(feed98b4d21a4c84a9b89eb8ac1ec41d) Importer(815301076,1909f56bfc062723c751e8b465ee728b) (PreviewImporter) -> (artifact id: '876c5f7215698c0c0f045e3383ea3afa') in 0.011187 seconds
Number of updated asset objects reloaded before import = 0Number of asset objects unloaded after import = 189

========================================================================
Received Import Request.
  Time since last request: 43.418946 seconds.
  path: Assets/Prefabs/UI/PauseMenu.prefab
  artifactKey: Guid(7acc0cc4b54eff348a2b05a63792cc1b) Importer(815301076,1909f56bfc062723c751e8b465ee728b)
Start importing Assets/Prefabs/UI/PauseMenu.prefab using Guid(7acc0cc4b54eff348a2b05a63792cc1b) Importer(815301076,1909f56bfc062723c751e8b465ee728b) (PreviewImporter) -> (artifact id: '6b2be1f9038060d6664f9a397b40c1ff') in 0.0130159 seconds
Number of updated asset objects reloaded before import = 0Number of asset objects unloaded after import = 251

========================================================================
Received Import Request.
  Time since last request: 179.922732 seconds.
  path: Assets/Prefabs/UI/PauseMenu.prefab
  artifactKey: Guid(7acc0cc4b54eff348a2b05a63792cc1b) Importer(815301076,1909f56bfc062723c751e8b465ee728b)
Start importing Assets/Prefabs/UI/PauseMenu.prefab using Guid(7acc0cc4b54eff348a2b05a63792cc1b) Importer(815301076,1909f56bfc062723c751e8b465ee728b) (PreviewImporter) -> (artifact id: 'e49d04bb95be6cc217b5525b9656a1fb') in 0.0135246 seconds
Number of updated asset objects reloaded before import = 0Number of asset objects unloaded after import = 251

========================================================================
Received Prepare
Assembly reference Packages/com.unity.entities/Unity.Scenes.Editor/Internals/Properties/Unity.Properties.Internals.asmref has no target assembly definition
Assembly reference Packages/com.unity.entities/Unity.Scenes.Editor/Internals/Properties/Unity.Properties.Internals.asmref has no target assembly definition
Begin MonoManager ReloadAssembly
- Loaded All Assemblies, in  0.998 seconds
Assembly reference Packages/com.unity.entities/Unity.Scenes.Editor/Internals/Properties/Unity.Properties.Internals.asmref has no target assembly definition
Refreshing native plugins compatible for Editor in 1.81 ms, found 4 plugins.
Native extension for WindowsStandalone target not found
Assembly reference Packages/com.unity.entities/Unity.Scenes.Editor/Internals/Properties/Unity.Properties.Internals.asmref has no target assembly definition
[Package Manager] Failed to launch server process. Reason: Unity was launched with the -noUpm command-line argument
[Package Manager] Unable to send message (not connected to server process).
[Package Manager] Cannot connect to Unity Package Manager local server
TypeManager.Initialize took: 476ms
Mono: successfully reloaded assembly
- Finished resetting the current domain, in  1.800 seconds
Domain Reload Profiling: 2798ms
	BeginReloadAssembly (268ms)
		ExecutionOrderSort (0ms)
		DisableScriptedObjects (15ms)
		BackupInstance (0ms)
		ReleaseScriptingObjects (0ms)
		CreateAndSetChildDomain (92ms)
	RebuildCommonClasses (40ms)
	RebuildNativeTypeToScriptingClass (18ms)
	initialDomainReloadingComplete (39ms)
	LoadAllAssembliesAndSetupDomain (631ms)
		LoadAssemblies (505ms)
		RebuildTransferFunctionScriptingTraits (0ms)
		AnalyzeDomain (236ms)
			TypeCache.Refresh (10ms)
				TypeCache.ScanAssembly (0ms)
			BuildScriptInfoCaches (207ms)
			ResolveRequiredComponents (15ms)
	FinalizeReload (1801ms)
		ReleaseScriptCaches (0ms)
		RebuildScriptCaches (0ms)
		SetupLoadedEditorAssemblies (1484ms)
			LogAssemblyErrors (0ms)
			InitializePlatformSupportModulesInManaged (3ms)
			SetLoadedEditorAssemblies (4ms)
			BeforeProcessingInitializeOnLoad (92ms)
			ProcessInitializeOnLoadAttributes (1165ms)
			ProcessInitializeOnLoadMethodAttributes (210ms)
			AfterProcessingInitializeOnLoad (9ms)
			EditorAssembliesLoaded (0ms)
		ExecutionOrderSort2 (0ms)
		AwakeInstancesAfterBackupRestoration (35ms)
Refreshing native plugins compatible for Editor in 3.03 ms, found 4 plugins.
Preloading 0 native plugins for Editor in 0.00 ms.
Unloading 32 Unused Serialized files (Serialized files now loaded: 0)
Unloading 7722 unused Assets / (10.4 MB). Loaded Objects now: 8436.
Memory consumption went from 215.4 MB to 205.0 MB.
Total: 22.435900 ms (FindLiveObjects: 1.507700 ms CreateObjectMapping: 2.178500 ms MarkObjects: 11.611800 ms  DeleteObjects: 7.136400 ms)

Unloading 0 Unused Serialized files (Serialized files now loaded: 0)
Unloading 0 unused Assets / (6.1 MB). Loaded Objects now: 8436.
Memory consumption went from 205.0 MB to 198.9 MB.
Total: 14.577500 ms (FindLiveObjects: 0.938800 ms CreateObjectMapping: 0.852900 ms MarkObjects: 10.556900 ms  DeleteObjects: 2.227600 ms)

Prepare: number of updated asset objects reloaded= 0
========================================================================
Received Prepare
Assembly reference Packages/com.unity.entities/Unity.Scenes.Editor/Internals/Properties/Unity.Properties.Internals.asmref has no target assembly definition
Assembly reference Packages/com.unity.entities/Unity.Scenes.Editor/Internals/Properties/Unity.Properties.Internals.asmref has no target assembly definition
Begin MonoManager ReloadAssembly
- Loaded All Assemblies, in  0.926 seconds
Assembly reference Packages/com.unity.entities/Unity.Scenes.Editor/Internals/Properties/Unity.Properties.Internals.asmref has no target assembly definition
Refreshing native plugins compatible for Editor in 1.89 ms, found 4 plugins.
Native extension for WindowsStandalone target not found
Assembly reference Packages/com.unity.entities/Unity.Scenes.Editor/Internals/Properties/Unity.Properties.Internals.asmref has no target assembly definition
[Package Manager] Failed to launch server process. Reason: Unity was launched with the -noUpm command-line argument
[Package Manager] Unable to send message (not connected to server process).
[Package Manager] Cannot connect to Unity Package Manager local server
TypeManager.Initialize took: 468ms
Mono: successfully reloaded assembly
- Finished resetting the current domain, in  1.715 seconds
Domain Reload Profiling: 2641ms
	BeginReloadAssembly (251ms)
		ExecutionOrderSort (0ms)
		DisableScriptedObjects (6ms)
		BackupInstance (0ms)
		ReleaseScriptingObjects (0ms)
		CreateAndSetChildDomain (82ms)
	RebuildCommonClasses (40ms)
	RebuildNativeTypeToScriptingClass (16ms)
	initialDomainReloadingComplete (43ms)
	LoadAllAssembliesAndSetupDomain (575ms)
		LoadAssemblies (463ms)
		RebuildTransferFunctionScriptingTraits (0ms)
		AnalyzeDomain (225ms)
			TypeCache.Refresh (8ms)
				TypeCache.ScanAssembly (0ms)
			BuildScriptInfoCaches (197ms)
			ResolveRequiredComponents (15ms)
	FinalizeReload (1715ms)
		ReleaseScriptCaches (0ms)
		RebuildScriptCaches (0ms)
		SetupLoadedEditorAssemblies (1399ms)
			LogAssemblyErrors (0ms)
			InitializePlatformSupportModulesInManaged (2ms)
			SetLoadedEditorAssemblies (4ms)
			BeforeProcessingInitializeOnLoad (82ms)
			ProcessInitializeOnLoadAttributes (1102ms)
			ProcessInitializeOnLoadMethodAttributes (199ms)
			AfterProcessingInitializeOnLoad (9ms)
			EditorAssembliesLoaded (1ms)
		ExecutionOrderSort2 (0ms)
		AwakeInstancesAfterBackupRestoration (40ms)
Refreshing native plugins compatible for Editor in 2.85 ms, found 4 plugins.
Preloading 0 native plugins for Editor in 0.00 ms.
Unloading 24 Unused Serialized files (Serialized files now loaded: 0)
Unloading 7689 unused Assets / (4.9 MB). Loaded Objects now: 8436.
Memory consumption went from 210.5 MB to 205.6 MB.
Total: 24.092900 ms (FindLiveObjects: 1.553600 ms CreateObjectMapping: 3.353500 ms MarkObjects: 12.865800 ms  DeleteObjects: 6.317700 ms)

Unloading 0 Unused Serialized files (Serialized files now loaded: 0)
Unloading 0 unused Assets / (6.2 MB). Loaded Objects now: 8436.
Memory consumption went from 205.6 MB to 199.4 MB.
Total: 20.020800 ms (FindLiveObjects: 0.690600 ms CreateObjectMapping: 1.159800 ms MarkObjects: 12.678000 ms  DeleteObjects: 5.490300 ms)

Prepare: number of updated asset objects reloaded= 0
========================================================================
Received Import Request.
  Time since last request: 237.726137 seconds.
  path: Assets/Scenes/Level_3.unity
  artifactKey: Guid(145483b4d1eb06545ac93a7766305919) Importer(815301076,1909f56bfc062723c751e8b465ee728b)
Start importing Assets/Scenes/Level_3.unity using Guid(145483b4d1eb06545ac93a7766305919) Importer(815301076,1909f56bfc062723c751e8b465ee728b) (PreviewImporter) -> (artifact id: '9cc6fd7117b61c86d48d431be042c36c') in 0.0023012 seconds
Number of updated asset objects reloaded before import = 0Number of asset objects unloaded after import = 0

========================================================================
Received Prepare
Assembly reference Packages/com.unity.entities/Unity.Scenes.Editor/Internals/Properties/Unity.Properties.Internals.asmref has no target assembly definition
Assembly reference Packages/com.unity.entities/Unity.Scenes.Editor/Internals/Properties/Unity.Properties.Internals.asmref has no target assembly definition
Begin MonoManager ReloadAssembly
- Loaded All Assemblies, in  0.926 seconds
Assembly reference Packages/com.unity.entities/Unity.Scenes.Editor/Internals/Properties/Unity.Properties.Internals.asmref has no target assembly definition
Refreshing native plugins compatible for Editor in 1.71 ms, found 4 plugins.
Native extension for WindowsStandalone target not found
Assembly reference Packages/com.unity.entities/Unity.Scenes.Editor/Internals/Properties/Unity.Properties.Internals.asmref has no target assembly definition
[Package Manager] Failed to launch server process. Reason: Unity was launched with the -noUpm command-line argument
[Package Manager] Unable to send message (not connected to server process).
[Package Manager] Cannot connect to Unity Package Manager local server
TypeManager.Initialize took: 494ms
Mono: successfully reloaded assembly
- Finished resetting the current domain, in  1.772 seconds
Domain Reload Profiling: 2698ms
	BeginReloadAssembly (251ms)
		ExecutionOrderSort (0ms)
		DisableScriptedObjects (6ms)
		BackupInstance (0ms)
		ReleaseScriptingObjects (0ms)
		CreateAndSetChildDomain (78ms)
	RebuildCommonClasses (41ms)
	RebuildNativeTypeToScriptingClass (16ms)
	initialDomainReloadingComplete (35ms)
	LoadAllAssembliesAndSetupDomain (581ms)
		LoadAssemblies (447ms)
		RebuildTransferFunctionScriptingTraits (0ms)
		AnalyzeDomain (254ms)
			TypeCache.Refresh (8ms)
				TypeCache.ScanAssembly (0ms)
			BuildScriptInfoCaches (227ms)
			ResolveRequiredComponents (15ms)
	FinalizeReload (1773ms)
		ReleaseScriptCaches (0ms)
		RebuildScriptCaches (0ms)
		SetupLoadedEditorAssemblies (1464ms)
			LogAssemblyErrors (0ms)
			InitializePlatformSupportModulesInManaged (2ms)
			SetLoadedEditorAssemblies (4ms)
			BeforeProcessingInitializeOnLoad (88ms)
			ProcessInitializeOnLoadAttributes (1171ms)
			ProcessInitializeOnLoadMethodAttributes (191ms)
			AfterProcessingInitializeOnLoad (8ms)
			EditorAssembliesLoaded (1ms)
		ExecutionOrderSort2 (0ms)
		AwakeInstancesAfterBackupRestoration (29ms)
Refreshing native plugins compatible for Editor in 3.57 ms, found 4 plugins.
Preloading 0 native plugins for Editor in 0.00 ms.
Unloading 24 Unused Serialized files (Serialized files now loaded: 0)
Unloading 7689 unused Assets / (5.2 MB). Loaded Objects now: 8436.
Memory consumption went from 212.4 MB to 207.2 MB.
Total: 23.121100 ms (FindLiveObjects: 1.797300 ms CreateObjectMapping: 2.514000 ms MarkObjects: 12.376900 ms  DeleteObjects: 6.431500 ms)

Unloading 0 Unused Serialized files (Serialized files now loaded: 0)
Unloading 0 unused Assets / (5.9 MB). Loaded Objects now: 8436.
Memory consumption went from 207.2 MB to 201.3 MB.
Total: 18.653000 ms (FindLiveObjects: 0.947500 ms CreateObjectMapping: 1.152700 ms MarkObjects: 13.843700 ms  DeleteObjects: 2.707500 ms)

Prepare: number of updated asset objects reloaded= 0
========================================================================
Received Prepare
Assembly reference Packages/com.unity.entities/Unity.Scenes.Editor/Internals/Properties/Unity.Properties.Internals.asmref has no target assembly definition
Assembly reference Packages/com.unity.entities/Unity.Scenes.Editor/Internals/Properties/Unity.Properties.Internals.asmref has no target assembly definition
Begin MonoManager ReloadAssembly
- Loaded All Assemblies, in  0.896 seconds
Assembly reference Packages/com.unity.entities/Unity.Scenes.Editor/Internals/Properties/Unity.Properties.Internals.asmref has no target assembly definition
Refreshing native plugins compatible for Editor in 1.96 ms, found 4 plugins.
Native extension for WindowsStandalone target not found
Assembly reference Packages/com.unity.entities/Unity.Scenes.Editor/Internals/Properties/Unity.Properties.Internals.asmref has no target assembly definition
[Package Manager] Failed to launch server process. Reason: Unity was launched with the -noUpm command-line argument
[Package Manager] Unable to send message (not connected to server process).
[Package Manager] Cannot connect to Unity Package Manager local server
TypeManager.Initialize took: 465ms
Mono: successfully reloaded assembly
- Finished resetting the current domain, in  1.686 seconds
Domain Reload Profiling: 2583ms
	BeginReloadAssembly (242ms)
		ExecutionOrderSort (0ms)
		DisableScriptedObjects (6ms)
		BackupInstance (0ms)
		ReleaseScriptingObjects (0ms)
		CreateAndSetChildDomain (80ms)
	RebuildCommonClasses (40ms)
	RebuildNativeTypeToScriptingClass (16ms)
	initialDomainReloadingComplete (37ms)
	LoadAllAssembliesAndSetupDomain (560ms)
		LoadAssemblies (434ms)
		RebuildTransferFunctionScriptingTraits (0ms)
		AnalyzeDomain (234ms)
			TypeCache.Refresh (10ms)
				TypeCache.ScanAssembly (0ms)
			BuildScriptInfoCaches (205ms)
			ResolveRequiredComponents (15ms)
	FinalizeReload (1687ms)
		ReleaseScriptCaches (0ms)
		RebuildScriptCaches (0ms)
		SetupLoadedEditorAssemblies (1400ms)
			LogAssemblyErrors (0ms)
			InitializePlatformSupportModulesInManaged (2ms)
			SetLoadedEditorAssemblies (4ms)
			BeforeProcessingInitializeOnLoad (89ms)
			ProcessInitializeOnLoadAttributes (1105ms)
			ProcessInitializeOnLoadMethodAttributes (191ms)
			AfterProcessingInitializeOnLoad (8ms)
			EditorAssembliesLoaded (1ms)
		ExecutionOrderSort2 (0ms)
		AwakeInstancesAfterBackupRestoration (31ms)
Refreshing native plugins compatible for Editor in 3.22 ms, found 4 plugins.
Preloading 0 native plugins for Editor in 0.00 ms.
Unloading 24 Unused Serialized files (Serialized files now loaded: 0)
Unloading 7689 unused Assets / (5.7 MB). Loaded Objects now: 8436.
Memory consumption went from 214.3 MB to 208.6 MB.
Total: 24.382800 ms (FindLiveObjects: 1.242100 ms CreateObjectMapping: 2.807800 ms MarkObjects: 13.062200 ms  DeleteObjects: 7.268900 ms)

Unloading 0 Unused Serialized files (Serialized files now loaded: 0)
Unloading 0 unused Assets / (5.4 MB). Loaded Objects now: 8436.
Memory consumption went from 208.6 MB to 203.2 MB.
Total: 16.495700 ms (FindLiveObjects: 0.874300 ms CreateObjectMapping: 1.322400 ms MarkObjects: 11.761500 ms  DeleteObjects: 2.536000 ms)

Prepare: number of updated asset objects reloaded= 0
========================================================================
Received Import Request.
  Time since last request: 198.542800 seconds.
  path: Assets/Scenes/MainMenu.unity
  artifactKey: Guid(a431b3f415b83444a8ca6e79f1f7c8c9) Importer(815301076,1909f56bfc062723c751e8b465ee728b)
Start importing Assets/Scenes/MainMenu.unity using Guid(a431b3f415b83444a8ca6e79f1f7c8c9) Importer(815301076,1909f56bfc062723c751e8b465ee728b) (PreviewImporter) -> (artifact id: '0e96b1c8338ad3b1701cf0931c731c60') in 0.0019919 seconds
Number of updated asset objects reloaded before import = 0Number of asset objects unloaded after import = 0

========================================================================
Received Import Request.
  Time since last request: 10.576210 seconds.
  path: Assets/Scenes/MainMenu.unity
  artifactKey: Guid(a431b3f415b83444a8ca6e79f1f7c8c9) Importer(2089858483,b4928d63cba0eb686c52b1d693c2cc83)
Start importing Assets/Scenes/MainMenu.unity using Guid(a431b3f415b83444a8ca6e79f1f7c8c9) Importer(2089858483,b4928d63cba0eb686c52b1d693c2cc83) (ScriptedImporter)Opening scene 'Assets/Scenes/MainMenu.unity additively'
Loaded scene 'Assets/Scenes/MainMenu.unity'
	Deserialize:            12.379 ms
	Integration:            342.402 ms
	Integration of assets:  0.026 ms
	Thread Wait Time:       0.045 ms
	Total Operation Time:   354.852 ms
 -> (artifact id: '68e47cc66383197944c42654797db86b') in 0.8501785 seconds
Internal: There are remaining Allocations on the JobTempAlloc. This is a leak, and will impact performance
To Debug, run app with -diag-job-temp-memory-leak-validation cmd line argument. This will output the callstacks of the leaked allocations.
Number of updated asset objects reloaded before import = 0Number of asset objects unloaded after import = 605

========================================================================
Received Import Request.
  Time since last request: 0.006014 seconds.
  path: Assets/Scenes/Level_1.unity
  artifactKey: Guid(41b31998326d7b84c9541206a7b4cfcf) Importer(2089858483,b4928d63cba0eb686c52b1d693c2cc83)
Start importing Assets/Scenes/Level_1.unity using Guid(41b31998326d7b84c9541206a7b4cfcf) Importer(2089858483,b4928d63cba0eb686c52b1d693c2cc83) (ScriptedImporter)Opening scene 'Assets/Scenes/Level_1.unity additively'
Loaded scene 'Assets/Scenes/Level_1.unity'
	Deserialize:            51.003 ms
	Integration:            279.242 ms
	Integration of assets:  0.771 ms
	Thread Wait Time:       0.041 ms
	Total Operation Time:   331.056 ms
 -> (artifact id: '80626c7b18b6cdcafd09c47ff7bc790a') in 0.8938285 seconds
Internal: There are remaining Allocations on the JobTempAlloc. This is a leak, and will impact performance
To Debug, run app with -diag-job-temp-memory-leak-validation cmd line argument. This will output the callstacks of the leaked allocations.
Number of updated asset objects reloaded before import = 0Number of asset objects unloaded after import = 2401

========================================================================
Received Import Request.
  Time since last request: 0.000028 seconds.
  path: Assets/Scenes/Level_2.unity
  artifactKey: Guid(f6e5b0bb640b86542aedc9c5c039649e) Importer(2089858483,b4928d63cba0eb686c52b1d693c2cc83)
Start importing Assets/Scenes/Level_2.unity using Guid(f6e5b0bb640b86542aedc9c5c039649e) Importer(2089858483,b4928d63cba0eb686c52b1d693c2cc83) (ScriptedImporter)Opening scene 'Assets/Scenes/Level_2.unity additively'
Loaded scene 'Assets/Scenes/Level_2.unity'
	Deserialize:            138.138 ms
	Integration:            129.110 ms
	Integration of assets:  10.768 ms
	Thread Wait Time:       0.126 ms
	Total Operation Time:   278.142 ms
 -> (artifact id: 'dc05f3e47b0a84fbd2ef732a1b957f96') in 0.4243609 seconds
Internal: There are remaining Allocations on the JobTempAlloc. This is a leak, and will impact performance
To Debug, run app with -diag-job-temp-memory-leak-validation cmd line argument. This will output the callstacks of the leaked allocations.
Number of updated asset objects reloaded before import = 0Number of asset objects unloaded after import = 1475

========================================================================
Received Import Request.
  Time since last request: 0.000030 seconds.
  path: Assets/Scenes/Level_3.unity
  artifactKey: Guid(145483b4d1eb06545ac93a7766305919) Importer(2089858483,b4928d63cba0eb686c52b1d693c2cc83)
Start importing Assets/Scenes/Level_3.unity using Guid(145483b4d1eb06545ac93a7766305919) Importer(2089858483,b4928d63cba0eb686c52b1d693c2cc83) (ScriptedImporter)Opening scene 'Assets/Scenes/Level_3.unity additively'
Loaded scene 'Assets/Scenes/Level_3.unity'
	Deserialize:            46.531 ms
	Integration:            105.206 ms
	Integration of assets:  14.128 ms
	Thread Wait Time:       0.066 ms
	Total Operation Time:   165.932 ms
 -> (artifact id: '94ed1f391432dae6fec09671c6c5f1f4') in 0.2576663 seconds
Internal: There are remaining Allocations on the JobTempAlloc. This is a leak, and will impact performance
To Debug, run app with -diag-job-temp-memory-leak-validation cmd line argument. This will output the callstacks of the leaked allocations.
Number of updated asset objects reloaded before import = 0Number of asset objects unloaded after import = 953

========================================================================
Received Import Request.
  Time since last request: 0.001001 seconds.
  path: Assets/Scenes/Final_Credits.unity
  artifactKey: Guid(99a3ab27f5356af448458d88ce407d13) Importer(2089858483,b4928d63cba0eb686c52b1d693c2cc83)
Start importing Assets/Scenes/Final_Credits.unity using Guid(99a3ab27f5356af448458d88ce407d13) Importer(2089858483,b4928d63cba0eb686c52b1d693c2cc83) (ScriptedImporter)Opening scene 'Assets/Scenes/Final_Credits.unity additively'
Loaded scene 'Assets/Scenes/Final_Credits.unity'
	Deserialize:            31.971 ms
	Integration:            88.569 ms
	Integration of assets:  0.288 ms
	Thread Wait Time:       0.064 ms
	Total Operation Time:   120.891 ms
 -> (artifact id: '59831e7720c40054793d5a0d9533cba2') in 0.2450809 seconds
Internal: JobTempAlloc has allocations that are more than the maximum lifespan of 4 frames old - this is not allowed and likely a leak
To Debug, run app with -diag-job-temp-memory-leak-validation cmd line argument. This will output the callstacks of the leaked allocations.
Internal: There are remaining Allocations on the JobTempAlloc. This is a leak, and will impact performance
To Debug, run app with -diag-job-temp-memory-leak-validation cmd line argument. This will output the callstacks of the leaked allocations.
Number of updated asset objects reloaded before import = 0Number of asset objects unloaded after import = 99

